Date(M/D/Y),Time,IP Address,Country,Country,Region,Region,City,Zip/Postal Code,Time Zone,Latitude,Longitude,Metro Code,Transportation Total,Car,Short Bus,Long Bus,Train,Airplane,Consumption Total,Textbooks,Clothing,Cellphone,eReader,Plastic Bottle,Energy Total,Dorm Energy Audit,Energy Gas Baseline,Energy Baseline,Food Total,Food Conversion,Coffee Conversion,Waste Total,Water Total,
4/3/2017,09:29:47pm,128.193.154.218,US,United States,OR,Oregon,Corvallis,97331,America/Los_Angeles,44.5642,-123.279,801,0,0,,0,0,0,0,0,0,0,0,0,2622.176791,0,71.45700486,2550.719786,0,0,0,148.0473777,16.6389849,
4/3/2017,09:29:56pm,128.193.154.218,US,United States,OR,Oregon,Corvallis,97331,America/Los_Angeles,44.5642,-123.279,801,0,0,,0,0,0,0,0,0,0,0,0,2622.176791,0,71.45700486,2550.719786,0,0,0,148.0473777,16.6389849,
4/3/2017,09:30:34pm,128.193.154.218,US,United States,OR,Oregon,Corvallis,97331,America/Los_Angeles,44.5642,-123.279,801,27.1165,21.6765,,0,0,0,0,0,0,0,0,0,2622.176791,0,71.45700486,2550.719786,0,0,0,148.0473777,16.6389849,
4/3/2017,09:31:40pm,128.193.154.218,US,United States,OR,Oregon,Corvallis,97331,America/Los_Angeles,44.5642,-123.279,801,27.1165,21.6765,,0,0,0,641.441,84.34,61.62,49,238,0,2622.176791,0,71.45700486,2550.719786,0,0,0,148.0473777,16.6,
4/5/2017,08:43:32pm,128.193.154.138,US,United States,OR,Oregon,Corvallis,97331,America/Los_Angeles,44.5642,-123.279,801,0,0,,0,0,0,0,0,0,0,0,0,2622.176791,0,71.45700486,2550.719786,0,0,0,148.0473777,16.6389849,
4/5/2017,08:44:04pm,128.193.154.138,US,United States,OR,Oregon,Corvallis,97331,America/Los_Angeles,44.5642,-123.279,801,0,0,,0,0,0,0,0,0,0,0,0,2622.176791,0,71.45700486,2550.719786,0,0,0,148.0473777,16.6389849,
4/5/2017,08:44:19pm,128.193.154.138,US,United States,OR,Oregon,Corvallis,97331,America/Los_Angeles,44.5642,-123.279,801,0,0,,0,0,0,0,0,0,0,0,0,2622.176791,0,71.45700486,2550.719786,0,0,0,148.0473777,16.6389849,

04/05/2017,10:55:00pm,128.193.154.214,US,United States,OR,Oregon,Corvallis,97331,America/Los_Angeles,44.5642,-123.2790,801,68.45091,0,,0,0,68.45091,Infinity,94.66,123.24000000000001,49,Infinity,3.549845,3496.2357208300286,0,95.27600648659143,3400.959714343437,0,0,0,148.0473776721831,22.185313200000003,
04/05/2017,10:55:02pm,128.193.154.214,US,United States,OR,Oregon,Corvallis,97331,America/Los_Angeles,44.5642,-123.2790,801,68.45091,0,,0,0,68.45091,Infinity,94.66,123.24000000000001,49,Infinity,3.549845,3496.2357208300286,0,95.27600648659143,3400.959714343437,0,0,0,148.0473776721831,22.185313200000003,
04/05/2017,10:55:10pm,128.193.154.139,US,United States,OR,Oregon,Corvallis,97331,America/Los_Angeles,44.5642,-123.2790,801,0,0,,0,0,0,0,0,0,0,0,0,3496.2357208300286,0,95.27600648659143,3400.959714343437,0,0,0,148.0473776721831,22.185313200000003,
04/05/2017,10:55:20pm,128.193.154.254,US,United States,OR,Oregon,Corvallis,97331,America/Los_Angeles,44.5642,-123.2790,801,0,0,,0,0,0,0,0,0,0,0,0,3496.2357208300286,0,95.27600648659143,3400.959714343437,0,0,0,148.0473776721831,22.185313200000003,
04/05/2017,10:55:44pm,128.193.154.214,US,United States,OR,Oregon,Corvallis,97331,America/Los_Angeles,44.5642,-123.2790,801,68.45091,0,,0,0,68.45091,788.025345,94.66,123.24000000000001,49,305.5,3.549845,3496.2357208300286,0,95.27600648659143,3400.959714343437,0,0,0,148.0473776721831,22.185313200000003,
04/05/2017,10:56:05pm,128.193.154.214,US,United States,OR,Oregon,Corvallis,97331,America/Los_Angeles,44.5642,-123.2790,801,68.45091,0,,0,0,68.45091,788.025345,94.66,123.24000000000001,49,305.5,3.549845,4812.470874830029,875.291754,95.27600648659143,3841.903114343437,0,0,0,148.0473776721831,22.185313200000003,
04/05/2017,10:56:09pm,128.193.154.139,US,United States,OR,Oregon,Corvallis,97331,America/Los_Angeles,44.5642,-123.2790,801,0,0,,0,0,0,0,0,0,0,0,0,3496.2357208300286,0,95.27600648659143,3400.959714343437,0,0,0,148.0473776721831,22.185313200000003,
04/05/2017,10:56:11pm,128.193.154.139,US,United States,OR,Oregon,Corvallis,97331,America/Los_Angeles,44.5642,-123.2790,801,0,0,,0,0,0,0,0,0,0,0,0,3496.2357208300286,0,95.27600648659143,3400.959714343437,0,0,0,148.0473776721831,22.185313200000003,
04/05/2017,10:56:27pm,128.193.154.139,US,United States,OR,Oregon,Corvallis,97331,America/Los_Angeles,44.5642,-123.2790,801,0,0,,0,0,0,0,0,0,0,0,0,3496.2357208300286,0,95.27600648659143,3400.959714343437,0,0,0,148.0473776721831,22.185313200000003,
04/06/2017,09:04:46pm,128.193.217.6,US,United States,OR,Oregon,Corvallis,97331,America/Los_Angeles,44.5642,-123.2790,801,0,0,,0,0,0,0,0,0,0,0,0,3496.2357208300286,0,95.27600648659143,3400.959714343437,0,0,0,148.0473776721831,22.185313200000003,
04/06/2017,09:04:49pm,128.193.217.6,US,United States,OR,Oregon,Corvallis,97331,America/Los_Angeles,44.5642,-123.2790,801,0,0,,0,0,0,0,0,0,0,0,0,3496.2357208300286,0,95.27600648659143,3400.959714343437,0,0,0,148.0473776721831,22.185313200000003,
04/07/2017,01:12:13am,128.193.154.182,US,United States,OR,Oregon,Corvallis,97331,America/Los_Angeles,44.5642,-123.2790,801,0,0,,0,0,0,0,0,0,0,0,0,3496.2357208300286,0,95.27600648659143,3400.959714343437,0,0,0,148.0473776721831,22.185313200000003,
04/07/2017,01:12:26am,128.193.154.182,US,United States,OR,Oregon,Corvallis,97331,America/Los_Angeles,44.5642,-123.2790,801,0,0,,0,0,0,0,0,0,0,0,0,3496.2357208300286,0,95.27600648659143,3400.959714343437,0,0,0,148.0473776721831,22.185313200000003,
04/07/2017,01:14:19am,128.193.154.182,US,United States,OR,Oregon,Corvallis,97331,America/Los_Angeles,44.5642,-123.2790,801,851.8360700000001,144.51,,0,0,707.3260700000001,0,0,0,0,0,0,3496.2357208300286,0,95.27600648659143,3400.959714343437,0,0,0,148.0473776721831,22.185313200000003,
04/07/2017,01:15:46am,128.193.154.182,US,United States,OR,Oregon,Corvallis,97331,America/Los_Angeles,44.5642,-123.2790,801,851.8360700000001,144.51,,0,0,707.3260700000001,820.299,109,154.05,24.5,238,0,3496.2357208300286,0,95.27600648659143,3400.959714343437,0,0,0,148.0473776721831,22.185313200000003,
04/07/2017,01:15:48am,128.193.154.182,US,United States,OR,Oregon,Corvallis,97331,America/Los_Angeles,44.5642,-123.2790,801,851.8360700000001,144.51,,0,0,707.3260700000001,Infinity,109,154.05,24.5,Infinity,0,3496.2357208300286,0,95.27600648659143,3400.959714343437,0,0,0,148.0473776721831,22.185313200000003,
04/07/2017,01:16:06am,128.193.154.182,US,United States,OR,Oregon,Corvallis,97331,America/Los_Angeles,44.5642,-123.2790,801,851.8360700000001,144.51,,0,0,707.3260700000001,1090.299,109,154.05,24.5,508,0,3496.2357208300286,0,95.27600648659143,3400.959714343437,0,0,0,148.0473776721831,22.185313200000003,
04/07/2017,01:16:22am,128.193.154.182,US,United States,OR,Oregon,Corvallis,97331,America/Los_Angeles,44.5642,-123.2790,801,851.8360700000001,144.51,,0,0,707.3260700000001,1090.299,109,154.05,24.5,508,0,5038.383678830029,875.291754,95.27600648659143,4067.815918343437,0,0,0,148.0473776721831,22.185313200000003,
04/07/2017,01:17:43am,128.193.154.182,US,United States,OR,Oregon,Corvallis,97331,America/Los_Angeles,44.5642,-123.2790,801,851.8360700000001,144.51,,0,0,707.3260700000001,1090.299,109,154.05,24.5,508,0,4609.942590830028,446.850666,95.27600648659143,4067.815918343437,0,0,0,148.0473776721831,22.185313200000003,
04/07/2017,01:18:47am,128.193.154.210,US,United States,OR,Oregon,Corvallis,97331,America/Los_Angeles,44.5642,-123.2790,801,0,0,,0,0,0,0,0,0,0,0,0,3496.2357208300286,0,95.27600648659143,3400.959714343437,0,0,0,148.0473776721831,22.185313200000003,
04/07/2017,01:19:46am,128.193.154.182,US,United States,OR,Oregon,Corvallis,97331,America/Los_Angeles,44.5642,-123.2790,801,851.8360700000001,144.51,,0,0,707.3260700000001,1090.299,109,154.05,24.5,508,0,4609.942590830028,446.850666,95.27600648659143,4067.815918343437,2506.2128000000002,2506.2128000000002,0,148.0473776721831,22.185313200000003,
04/07/2017,01:19:56am,128.193.154.182,US,United States,OR,Oregon,Corvallis,97331,America/Los_Angeles,44.5642,-123.2790,801,851.8360700000001,144.51,,0,0,707.3260700000001,1090.299,109,154.05,24.5,508,0,4609.942590830028,446.850666,95.27600648659143,4067.815918343437,2511.6728000000003,2506.2128000000002,5.46,148.0473776721831,22.185313200000003,
04/07/2017,01:20:28am,128.193.154.210,US,United States,OR,Oregon,Corvallis,97331,America/Los_Angeles,44.5642,-123.2790,801,777.72801,0,,24.767999999999997,0,752.96001,0,0,0,0,0,0,3496.2357208300286,0,95.27600648659143,3400.959714343437,0,0,0,148.0473776721831,22.185313200000003,
04/07/2017,01:20:55am,128.193.154.210,US,United States,OR,Oregon,Corvallis,97331,America/Los_Angeles,44.5642,-123.2790,801,777.72801,0,,24.767999999999997,0,752.96001,741.22,109,154.05,24.5,238,0,3496.2357208300286,0,95.27600648659143,3400.959714343437,0,0,0,148.0473776721831,22.185313200000003,
04/07/2017,01:20:58am,128.193.154.210,US,United States,OR,Oregon,Corvallis,97331,America/Los_Angeles,44.5642,-123.2790,801,777.72801,0,,24.767999999999997,0,752.96001,741.22,109,154.05,24.5,238,0,3496.2357208300286,0,95.27600648659143,3400.959714343437,0,0,0,148.0473776721831,22.185313200000003,
04/07/2017,01:20:58am,128.193.154.182,US,United States,OR,Oregon,Corvallis,97331,America/Los_Angeles,44.5642,-123.2790,801,851.8360700000001,144.51,,0,0,707.3260700000001,1090.299,109,154.05,24.5,508,0,4609.942590830028,446.850666,95.27600648659143,4067.815918343437,2511.6728000000003,2506.2128000000002,5.46,148.0473776721831,22.185313200000003,
04/07/2017,01:21:44am,128.193.154.210,US,United States,OR,Oregon,Corvallis,97331,America/Los_Angeles,44.5642,-123.2790,801,777.72801,0,,24.767999999999997,0,752.96001,741.22,109,154.05,24.5,238,0,5038.383678830029,875.291754,95.27600648659143,4067.815918343437,0,0,0,148.0473776721831,22.185313200000003,
04/07/2017,01:22:13am,128.193.154.182,US,United States,OR,Oregon,Corvallis,97331,America/Los_Angeles,44.5642,-123.2790,801,851.8360700000001,144.51,,0,0,707.3260700000001,1090.299,109,154.05,24.5,508,0,4609.942590830028,446.850666,95.27600648659143,4067.815918343437,2511.6728000000003,2506.2128000000002,5.46,148.0473776721831,46.53936636666667,
04/07/2017,01:23:37am,128.193.154.210,US,United States,OR,Oregon,Corvallis,97331,America/Los_Angeles,44.5642,-123.2790,801,777.72801,0,,24.767999999999997,0,752.96001,741.22,109,154.05,24.5,238,0,10343.689338830029,6180.597414000001,95.27600648659143,4067.815918343437,0,0,0,148.0473776721831,22.185313200000003,
04/07/2017,01:24:50am,128.193.154.182,US,United States,OR,Oregon,Corvallis,97331,America/Los_Angeles,44.5642,-123.2790,801,851.8360700000001,144.51,,0,0,707.3260700000001,1090.299,109,154.05,24.5,508,0,4609.942590830028,446.850666,95.27600648659143,4067.815918343437,2511.6728000000003,2506.2128000000002,5.46,148.0473776721831,46.53936636666667,
04/07/2017,01:25:31am,128.193.154.182,US,United States,OR,Oregon,Corvallis,97331,America/Los_Angeles,44.5642,-123.2790,801,851.8360700000001,144.51,,0,0,707.3260700000001,1090.299,109,154.05,24.5,508,0,4609.942590830028,446.850666,95.27600648659143,4067.815918343437,2511.6728000000003,2506.2128000000002,5.46,148.0473776721831,46.53936636666667,
04/07/2017,01:26:45am,128.193.154.210,US,United States,OR,Oregon,Corvallis,97331,America/Los_Angeles,44.5642,-123.2790,801,777.72801,0,,24.767999999999997,0,752.96001,741.22,109,154.05,24.5,238,0,10343.689338830029,6180.597414000001,95.27600648659143,4067.815918343437,1910.5814,1910.5814,0,148.0473776721831,22.185313200000003,
04/07/2017,01:28:28am,128.193.154.210,US,United States,OR,Oregon,Corvallis,97331,America/Los_Angeles,44.5642,-123.2790,801,777.72801,0,,24.767999999999997,0,752.96001,741.22,109,154.05,24.5,238,0,10343.689338830029,6180.597414000001,95.27600648659143,4067.815918343437,1910.5814,1910.5814,0,115.32016622705152,22.185313200000003,
04/07/2017,01:30:37am,128.193.154.210,US,United States,OR,Oregon,Corvallis,97331,America/Los_Angeles,44.5642,-123.2790,801,777.72801,0,,24.767999999999997,0,752.96001,741.22,109,154.05,24.5,238,0,10343.689338830029,6180.597414000001,95.27600648659143,4067.815918343437,1910.5814,1910.5814,0,115.32016622705152,45.947640533333335,
04/18/2017,01:01:54am,128.193.217.6,US,United States,OR,Oregon,Corvallis,97331,America/Los_Angeles,44.5642,-123.2790,801,0,0,,0,0,0,0,0,0,0,0,0,3496.2357208300286,0,95.27600648659143,3400.959714343437,0,0,0,148.0473776721831,22.185313200000003,
04/19/2017,12:01:57am,128.193.154.106,US,United States,OR,Oregon,Corvallis,97331,America/Los_Angeles,44.5642,-123.2790,801,0,0,,0,0,0,0,0,0,0,0,0,3496.2357208300286,0,95.27600648659143,3400.959714343437,0,0,0,148.0473776721831,22.185313200000003,
04/19/2017,12:26:32am,128.193.154.129,US,United States,OR,Oregon,Corvallis,97331,America/Los_Angeles,44.5642,-123.2790,801,0,0,,0,0,0,0,0,0,0,0,0,3496.2357208300286,0,95.27600648659143,3400.959714343437,0,0,0,148.0473776721831,22.185313200000003,
04/19/2017,12:26:35am,128.193.154.129,US,United States,OR,Oregon,Corvallis,97331,America/Los_Angeles,44.5642,-123.2790,801,0,0,,0,0,0,0,0,0,0,0,0,3496.2357208300286,0,95.27600648659143,3400.959714343437,0,0,0,148.0473776721831,22.185313200000003,
04/19/2017,12:26:37am,128.193.154.129,US,United States,OR,Oregon,Corvallis,97331,America/Los_Angeles,44.5642,-123.2790,801,0,0,,0,0,0,0,0,0,0,0,0,3496.2357208300286,0,95.27600648659143,3400.959714343437,0,0,0,148.0473776721831,22.185313200000003,
04/19/2017,12:26:48am,128.193.154.129,US,United States,OR,Oregon,Corvallis,97331,America/Los_Angeles,44.5642,-123.2790,801,0,0,,0,0,0,0,0,0,0,0,0,3496.2357208300286,0,95.27600648659143,3400.959714343437,0,0,0,148.0473776721831,22.185313200000003,
04/19/2017,12:26:50am,128.193.154.129,US,United States,OR,Oregon,Corvallis,97331,America/Los_Angeles,44.5642,-123.2790,801,0,0,,0,0,0,0,0,0,0,0,0,3496.2357208300286,0,95.27600648659143,3400.959714343437,0,0,0,148.0473776721831,22.185313200000003,
04/19/2017,12:26:52am,128.193.154.129,US,United States,OR,Oregon,Corvallis,97331,America/Los_Angeles,44.5642,-123.2790,801,0,0,,0,0,0,0,0,0,0,0,0,3496.2357208300286,0,95.27600648659143,3400.959714343437,0,0,0,148.0473776721831,22.185313200000003,
04/19/2017,12:26:54am,128.193.154.129,US,United States,OR,Oregon,Corvallis,97331,America/Los_Angeles,44.5642,-123.2790,801,0,0,,0,0,0,0,0,0,0,0,0,3496.2357208300286,0,95.27600648659143,3400.959714343437,0,0,0,148.0473776721831,22.185313200000003,
04/19/2017,12:27:23am,128.193.154.129,US,United States,OR,Oregon,Corvallis,97331,America/Los_Angeles,44.5642,-123.2790,801,0,0,,0,0,0,0,0,0,0,0,0,3496.2357208300286,0,95.27600648659143,3400.959714343437,0,0,0,148.0473776721831,22.185313200000003,
04/19/2017,12:27:28am,128.193.154.129,US,United States,OR,Oregon,Corvallis,97331,America/Los_Angeles,44.5642,-123.2790,801,0,0,,0,0,0,0,0,0,0,0,0,3496.2357208300286,0,95.27600648659143,3400.959714343437,0,0,0,148.0473776721831,22.185313200000003,
04/21/2017,05:35:00pm,128.193.216.127,US,United States,OR,Oregon,Corvallis,97331,America/Los_Angeles,44.5642,-123.2790,801,0,0,,0,0,0,0,0,0,0,0,0,3496.2357208300286,0,95.27600648659143,3400.959714343437,0,0,0,148.0473776721831,22.185313200000003,
04/21/2017,05:35:06pm,128.193.216.127,US,United States,OR,Oregon,Corvallis,97331,America/Los_Angeles,44.5642,-123.2790,801,0,0,,0,0,0,0,0,0,0,0,0,3496.2357208300286,0,95.27600648659143,3400.959714343437,0,0,0,148.0473776721831,22.185313200000003,
04/21/2017,05:35:25pm,128.193.216.127,US,United States,OR,Oregon,Corvallis,97331,America/Los_Angeles,44.5642,-123.2790,801,1445.1000000000001,1445.1000000000001,,0,0,0,0,0,0,0,0,0,3496.2357208300286,0,95.27600648659143,3400.959714343437,0,0,0,148.0473776721831,22.185313200000003,
04/22/2017,11:52:18pm,128.193.154.255,US,United States,OR,Oregon,Corvallis,97331,America/Los_Angeles,44.5642,-123.2790,801,0,0,,0,0,0,0,0,0,0,0,0,3496.2357208300286,0,95.27600648659143,3400.959714343437,0,0,0,148.0473776721831,22.185313200000003,
04/22/2017,11:53:50pm,128.193.154.255,US,United States,OR,Oregon,Corvallis,97331,America/Los_Angeles,44.5642,-123.2790,801,1943.7424499999997,0,,4.3,0,1939.4424499999998,0,0,0,0,0,0,3496.2357208300286,0,95.27600648659143,3400.959714343437,0,0,0,148.0473776721831,22.185313200000003,
04/22/2017,11:54:41pm,128.193.154.255,US,United States,OR,Oregon,Corvallis,97331,America/Los_Angeles,44.5642,-123.2790,801,1943.7424499999997,0,,4.3,0,1939.4424499999998,648.548,109.58,30.810000000000002,112,238,0,3496.2357208300286,0,95.27600648659143,3400.959714343437,0,0,0,148.0473776721831,22.185313200000003,
04/22/2017,11:54:59pm,128.193.154.255,US,United States,OR,Oregon,Corvallis,97331,America/Los_Angeles,44.5642,-123.2790,801,1943.7424499999997,0,,4.3,0,1939.4424499999998,648.548,109.58,30.810000000000002,112,238,0,3496.2357208300286,0,95.27600648659143,3400.959714343437,0,0,0,148.0473776721831,22.185313200000003,
04/22/2017,11:55:14pm,128.193.154.255,US,United States,OR,Oregon,Corvallis,97331,America/Los_Angeles,44.5642,-123.2790,801,1943.7424499999997,0,,4.3,0,1939.4424499999998,648.548,109.58,30.810000000000002,112,238,0,5172.561914830028,875.291754,95.27600648659143,4201.994154343437,0,0,0,148.0473776721831,22.185313200000003,
04/22/2017,11:56:55pm,128.193.154.255,US,United States,OR,Oregon,Corvallis,97331,America/Los_Angeles,44.5642,-123.2790,801,1943.7424499999997,0,,4.3,0,1939.4424499999998,648.548,109.58,30.810000000000002,112,238,0,4847.465503330029,550.1953425,95.27600648659143,4201.994154343437,0,0,0,148.0473776721831,22.185313200000003,
04/23/2017,12:04:16am,128.193.154.255,US,United States,OR,Oregon,Corvallis,97331,America/Los_Angeles,44.5642,-123.2790,801,1943.7424499999997,0,,4.3,0,1939.4424499999998,648.548,109.58,30.810000000000002,112,238,0,4847.465503330029,550.1953425,95.27600648659143,4201.994154343437,1577.3004,1577.3004,0,148.0473776721831,22.185313200000003,
04/23/2017,12:04:21am,128.193.154.255,US,United States,OR,Oregon,Corvallis,97331,America/Los_Angeles,44.5642,-123.2790,801,1943.7424499999997,0,,4.3,0,1939.4424499999998,648.548,109.58,30.810000000000002,112,238,0,4847.465503330029,550.1953425,95.27600648659143,4201.994154343437,1579.4844,1577.3004,2.184,148.0473776721831,22.185313200000003,
04/23/2017,12:04:59am,128.193.154.255,US,United States,OR,Oregon,Corvallis,97331,America/Los_Angeles,44.5642,-123.2790,801,1943.7424499999997,0,,4.3,0,1939.4424499999998,648.548,109.58,30.810000000000002,112,238,0,4847.465503330029,550.1953425,95.27600648659143,4201.994154343437,1579.4844,1577.3004,2.184,148.0473776721831,22.185313200000003,
04/23/2017,12:05:33am,128.193.154.255,US,United States,OR,Oregon,Corvallis,97331,America/Los_Angeles,44.5642,-123.2790,801,1943.7424499999997,0,,4.3,0,1939.4424499999998,648.548,109.58,30.810000000000002,112,238,0,4847.465503330029,550.1953425,95.27600648659143,4201.994154343437,1579.4844,1577.3004,2.184,148.0473776721831,37.057067866666664,
04/23/2017,12:06:10am,128.193.154.255,US,United States,OR,Oregon,Corvallis,97331,America/Los_Angeles,44.5642,-123.2790,801,1943.7424499999997,0,,4.3,0,1939.4424499999998,648.548,109.58,30.810000000000002,112,238,0,4847.465503330029,550.1953425,95.27600648659143,4201.994154343437,1579.4844,1577.3004,2.184,148.0473776721831,37.057067866666664,
04/28/2017,06:31:30pm,128.193.217.223,US,United States,OR,Oregon,Corvallis,97331,America/Los_Angeles,44.5642,-123.2790,801,0,0,,0,0,0,0,0,0,0,0,0,2622.1767906225213,0,71.45700486494357,2550.719785757578,0,0,0,148.0473776721831,16.6389849,
04/28/2017,06:31:43pm,128.193.217.223,US,United States,OR,Oregon,Corvallis,97331,America/Los_Angeles,44.5642,-123.2790,801,0,0,,0,0,0,0,0,0,0,0,0,2622.1767906225213,0,71.45700486494357,2550.719785757578,0,0,0,148.0473776721831,16.6389849,
05/01/2017,06:02:06pm,128.193.16.215,US,United States,OR,Oregon,Corvallis,97331,America/Los_Angeles,44.5642,-123.2790,801,0,0,,0,0,0,0,0,0,0,0,0,3496.2357208300286,0,95.27600648659143,3400.959714343437,0,0,0,148.0473776721831,22.185313200000003,
05/01/2017,06:02:07pm,128.193.16.215,US,United States,OR,Oregon,Corvallis,97331,America/Los_Angeles,44.5642,-123.2790,801,0,0,,0,0,0,0,0,0,0,0,0,3496.2357208300286,0,95.27600648659143,3400.959714343437,0,0,0,148.0473776721831,22.185313200000003,
05/01/2017,06:02:10pm,128.193.16.215,US,United States,OR,Oregon,Corvallis,97331,America/Los_Angeles,44.5642,-123.2790,801,0,0,,0,0,0,0,0,0,0,0,0,2622.1767906225214,0,71.45700486494357,2550.719785757578,0,0,0,148.0473776721831,16.6389849,
05/01/2017,06:02:16pm,128.193.16.215,US,United States,OR,Oregon,Corvallis,97331,America/Los_Angeles,44.5642,-123.2790,801,0,0,,0,0,0,0,0,0,0,0,0,2622.1767906225214,0,71.45700486494357,2550.719785757578,0,0,0,148.0473776721831,16.6389849,
05/01/2017,06:03:12pm,128.193.16.215,US,United States,OR,Oregon,Corvallis,97331,America/Los_Angeles,44.5642,-123.2790,801,316.21999999999997,289.02,,0,0,0,0,0,0,0,0,0,2622.1767906225214,0,71.45700486494357,2550.719785757578,0,0,0,148.0473776721831,16.6389849,
05/01/2017,06:03:54pm,128.193.16.215,US,United States,OR,Oregon,Corvallis,97331,America/Los_Angeles,44.5642,-123.2790,801,316.21999999999997,289.02,,0,0,0,1367.8799999999999,140,30.810000000000002,24.5,238,0,2622.1767906225214,0,71.45700486494357,2550.719785757578,0,0,0,148.0473776721831,16.6389849,
05/01/2017,06:03:54pm,128.193.16.215,US,United States,OR,Oregon,Corvallis,97331,America/Los_Angeles,44.5642,-123.2790,801,316.21999999999997,289.02,,0,0,0,Infinity,140,30.810000000000002,24.5,Infinity,0,2622.1767906225214,0,71.45700486494357,2550.719785757578,0,0,0,148.0473776721831,16.6389849,
05/01/2017,06:04:07pm,128.193.16.215,US,United States,OR,Oregon,Corvallis,97331,America/Los_Angeles,44.5642,-123.2790,801,316.21999999999997,289.02,,0,0,0,1502.8799999999999,140,30.810000000000002,24.5,373,0,2622.1767906225214,0,71.45700486494357,2550.719785757578,0,0,0,148.0473776721831,16.6389849,
05/01/2017,06:04:15pm,128.193.16.215,US,United States,OR,Oregon,Corvallis,97331,America/Los_Angeles,44.5642,-123.2790,801,316.21999999999997,289.02,,0,0,0,1502.8799999999999,140,30.810000000000002,24.5,373,0,2622.1767906225214,0,71.45700486494357,2550.719785757578,0,0,0,148.0473776721831,16.6389849,
05/01/2017,06:05:36pm,128.193.16.215,US,United States,OR,Oregon,Corvallis,97331,America/Los_Angeles,44.5642,-123.2790,801,316.21999999999997,289.02,,0,0,0,1502.8799999999999,140,30.810000000000002,24.5,373,0,2622.1767906225214,0,71.45700486494357,2550.719785757578,1146.9171999999999,1146.9171999999999,0,148.0473776721831,16.6389849,
05/01/2017,06:05:57pm,128.193.16.215,US,United States,OR,Oregon,Corvallis,97331,America/Los_Angeles,44.5642,-123.2790,801,316.21999999999997,289.02,,0,0,0,1502.8799999999999,140,30.810000000000002,24.5,373,0,2622.1767906225214,0,71.45700486494357,2550.719785757578,1169.8491999999999,1146.9171999999999,22.932,148.0473776721831,16.6389849,
05/01/2017,06:06:19pm,128.193.16.215,US,United States,OR,Oregon,Corvallis,97331,America/Los_Angeles,44.5642,-123.2790,801,316.21999999999997,289.02,,0,0,0,1502.8799999999999,140,30.810000000000002,24.5,373,0,2622.1767906225214,0,71.45700486494357,2550.719785757578,1169.8491999999999,1146.9171999999999,22.932,139.7686438980213,16.6389849,
05/01/2017,06:07:08pm,128.193.16.215,US,United States,OR,Oregon,Corvallis,97331,America/Los_Angeles,44.5642,-123.2790,801,316.21999999999997,289.02,,0,0,0,1502.8799999999999,140,30.810000000000002,24.5,373,0,2622.1767906225214,0,71.45700486494357,2550.719785757578,1169.8491999999999,1146.9171999999999,22.932,139.7686438980213,64.8927149,
05/01/2017,06:07:49pm,128.193.16.215,US,United States,OR,Oregon,Corvallis,97331,America/Los_Angeles,44.5642,-123.2790,801,316.21999999999997,289.02,,0,0,0,1502.8799999999999,140,30.810000000000002,24.5,373,0,2622.1767906225214,0,71.45700486494357,2550.719785757578,1169.8491999999999,1146.9171999999999,22.932,139.7686438980213,64.8927149,
05/02/2017,09:43:25pm,132.178.207.5,US,United States,ID,Idaho,Boise,83725,America/Boise,43.4599,-116.2440,757,0,0,,0,0,0,0,0,0,0,0,0,3496.2357208300286,0,95.27600648659143,3400.959714343437,0,0,0,148.0473776721831,22.185313200000003,
05/02/2017,09:43:27pm,132.178.207.5,US,United States,ID,Idaho,Boise,83725,America/Boise,43.4599,-116.2440,757,0,0,,0,0,0,0,0,0,0,0,0,3496.2357208300286,0,95.27600648659143,3400.959714343437,0,0,0,148.0473776721831,22.185313200000003,
05/02/2017,09:43:28pm,132.178.207.5,US,United States,ID,Idaho,Boise,83725,America/Boise,43.4599,-116.2440,757,0,0,,0,0,0,0,0,0,0,0,0,3496.2357208300286,0,95.27600648659143,3400.959714343437,0,0,0,148.0473776721831,22.185313200000003,
05/04/2017,05:34:29pm,128.193.154.92,US,United States,OR,Oregon,Corvallis,97331,America/Los_Angeles,44.5642,-123.2790,801,0,0,,0,0,0,0,0,0,0,0,0,3496.2357208300286,0,95.27600648659143,3400.959714343437,0,0,0,148.0473776721831,22.185313200000003,
05/04/2017,08:09:28pm,128.193.154.92,US,United States,OR,Oregon,Corvallis,97331,America/Los_Angeles,44.5642,-123.2790,801,0,0,,0,0,0,0,0,0,0,0,0,3496.2357208300286,0,95.27600648659143,3400.959714343437,0,0,0,148.0473776721831,22.185313200000003,
05/04/2017,08:19:18pm,128.193.154.92,US,United States,OR,Oregon,Corvallis,97331,America/Los_Angeles,44.5642,-123.2790,801,0,0,,0,0,0,0,0,0,0,0,0,3496.2357208300286,0,95.27600648659143,3400.959714343437,0,0,0,148.0473776721831,22.185313200000003,
05/04/2017,08:41:04pm,128.193.154.92,US,United States,OR,Oregon,Corvallis,97331,America/Los_Angeles,44.5642,-123.2790,801,0,0,,0,0,0,0,0,0,0,0,0,3496.2357208300286,0,95.27600648659143,3400.959714343437,0,0,0,148.0473776721831,22.185313200000003,
05/04/2017,08:41:07pm,128.193.154.92,US,United States,OR,Oregon,Corvallis,97331,America/Los_Angeles,44.5642,-123.2790,801,0,0,,0,0,0,0,0,0,0,0,0,3496.2357208300286,0,95.27600648659143,3400.959714343437,0,0,0,148.0473776721831,22.185313200000003,
05/04/2017,08:41:09pm,128.193.154.92,US,United States,OR,Oregon,Corvallis,97331,America/Los_Angeles,44.5642,-123.2790,801,0,0,,0,0,0,0,0,0,0,0,0,3496.2357208300286,0,95.27600648659143,3400.959714343437,0,0,0,148.0473776721831,22.185313200000003,
05/04/2017,08:41:10pm,128.193.154.92,US,United States,OR,Oregon,Corvallis,97331,America/Los_Angeles,44.5642,-123.2790,801,0,0,,0,0,0,0,0,0,0,0,0,3496.2357208300286,0,95.27600648659143,3400.959714343437,0,0,0,148.0473776721831,22.185313200000003,
05/04/2017,08:56:12pm,128.193.154.92,US,United States,OR,Oregon,Corvallis,97331,America/Los_Angeles,44.5642,-123.2790,801,0,0,,0,0,0,0,0,0,0,0,0,3496.2357208300286,0,95.27600648659143,3400.959714343437,0,0,0,148.0473776721831,22.185313200000003,
05/04/2017,08:56:13pm,128.193.154.92,US,United States,OR,Oregon,Corvallis,97331,America/Los_Angeles,44.5642,-123.2790,801,0,0,,0,0,0,0,0,0,0,0,0,3496.2357208300286,0,95.27600648659143,3400.959714343437,0,0,0,148.0473776721831,22.185313200000003,
05/04/2017,08:56:15pm,128.193.154.92,US,United States,OR,Oregon,Corvallis,97331,America/Los_Angeles,44.5642,-123.2790,801,0,0,,0,0,0,0,0,0,0,0,0,3496.2357208300286,0,95.27600648659143,3400.959714343437,0,0,0,148.0473776721831,22.185313200000003,
05/04/2017,08:56:32pm,128.193.154.92,US,United States,OR,Oregon,Corvallis,97331,America/Los_Angeles,44.5642,-123.2790,801,0,0,,0,0,0,0,0,0,0,0,0,3496.2357208300286,0,95.27600648659143,3400.959714343437,0,0,0,148.0473776721831,22.185313200000003,
05/04/2017,09:07:31pm,128.193.216.212,US,United States,OR,Oregon,Corvallis,97331,America/Los_Angeles,44.5642,-123.2790,801,0,0,,0,0,0,0,0,0,0,0,0,3496.2357208300286,0,95.27600648659143,3400.959714343437,0,0,0,148.0473776721831,22.185313200000003,
05/04/2017,09:07:43pm,128.193.216.212,US,United States,OR,Oregon,Corvallis,97331,America/Los_Angeles,44.5642,-123.2790,801,0,0,,0,0,0,0,0,0,0,0,0,3496.2357208300286,0,95.27600648659143,3400.959714343437,0,0,0,148.0473776721831,22.185313200000003,
05/04/2017,09:08:09pm,128.193.216.212,US,United States,OR,Oregon,Corvallis,97331,America/Los_Angeles,44.5642,-123.2790,801,0,0,,0,0,0,0,0,0,0,0,0,3496.2357208300286,0,95.27600648659143,3400.959714343437,0,0,0,148.0473776721831,22.185313200000003,
05/04/2017,09:08:21pm,128.193.216.212,US,United States,OR,Oregon,Corvallis,97331,America/Los_Angeles,44.5642,-123.2790,801,0,0,,0,0,0,0,0,0,0,0,0,3496.2357208300286,0,95.27600648659143,3400.959714343437,0,0,0,148.0473776721831,22.185313200000003,
05/04/2017,09:08:34pm,128.193.154.92,US,United States,OR,Oregon,Corvallis,97331,America/Los_Angeles,44.5642,-123.2790,801,0,0,,0,0,0,0,0,0,0,0,0,3496.2357208300286,0,95.27600648659143,3400.959714343437,0,0,0,148.0473776721831,22.185313200000003,
05/04/2017,09:10:09pm,128.193.154.92,US,United States,OR,Oregon,Corvallis,97331,America/Los_Angeles,44.5642,-123.2790,801,0,0,,0,0,0,0,0,0,0,0,0,3496.2357208300286,0,95.27600648659143,3400.959714343437,0,0,0,148.0473776721831,22.185313200000003,
05/04/2017,09:10:20pm,128.193.154.92,US,United States,OR,Oregon,Corvallis,97331,America/Los_Angeles,44.5642,-123.2790,801,0,0,,0,0,0,0,0,0,0,0,0,3496.2357208300286,0,95.27600648659143,3400.959714343437,0,0,0,148.0473776721831,22.185313200000003,
05/04/2017,09:10:22pm,128.193.154.92,US,United States,OR,Oregon,Corvallis,97331,America/Los_Angeles,44.5642,-123.2790,801,0,0,,0,0,0,0,0,0,0,0,0,3496.2357208300286,0,95.27600648659143,3400.959714343437,0,0,0,148.0473776721831,22.185313200000003,
05/04/2017,09:11:35pm,128.193.154.92,US,United States,OR,Oregon,Corvallis,97331,America/Los_Angeles,44.5642,-123.2790,801,0,0,,0,0,0,0,0,0,0,0,0,3496.2357208300286,0,95.27600648659143,3400.959714343437,0,0,0,148.0473776721831,22.185313200000003,
05/04/2017,09:11:37pm,128.193.154.92,US,United States,OR,Oregon,Corvallis,97331,America/Los_Angeles,44.5642,-123.2790,801,0,0,,0,0,0,0,0,0,0,0,0,3496.2357208300286,0,95.27600648659143,3400.959714343437,0,0,0,148.0473776721831,22.185313200000003,
05/04/2017,09:23:47pm,128.193.154.92,US,United States,OR,Oregon,Corvallis,97331,America/Los_Angeles,44.5642,-123.2790,801,0,0,,0,0,0,0,0,0,0,0,0,3496.2357208300286,0,95.27600648659143,3400.959714343437,0,0,0,148.0473776721831,22.185313200000003,
05/04/2017,09:23:56pm,128.193.154.92,US,United States,OR,Oregon,Corvallis,97331,America/Los_Angeles,44.5642,-123.2790,801,0,0,,0,0,0,0,0,0,0,0,0,3496.2357208300286,0,95.27600648659143,3400.959714343437,0,0,0,148.0473776721831,22.185313200000003,
05/04/2017,09:23:58pm,128.193.154.92,US,United States,OR,Oregon,Corvallis,97331,America/Los_Angeles,44.5642,-123.2790,801,0,0,,0,0,0,0,0,0,0,0,0,3496.2357208300286,0,95.27600648659143,3400.959714343437,0,0,0,148.0473776721831,22.185313200000003,
05/04/2017,09:27:51pm,128.193.216.152,US,United States,OR,Oregon,Corvallis,97331,America/Los_Angeles,44.5642,-123.2790,801,0,0,,0,0,0,0,0,0,0,0,0,3496.2357208300286,0,95.27600648659143,3400.959714343437,0,0,0,148.0473776721831,22.185313200000003,
05/04/2017,09:28:02pm,128.193.216.152,US,United States,OR,Oregon,Corvallis,97331,America/Los_Angeles,44.5642,-123.2790,801,0,0,,0,0,0,0,0,0,0,0,0,3496.2357208300286,0,95.27600648659143,3400.959714343437,0,0,0,148.0473776721831,22.185313200000003,
05/04/2017,09:28:14pm,128.193.216.152,US,United States,OR,Oregon,Corvallis,97331,America/Los_Angeles,44.5642,-123.2790,801,0,0,,0,0,0,0,0,0,0,0,0,3496.2357208300286,0,95.27600648659143,3400.959714343437,0,0,0,148.0473776721831,22.185313200000003,
05/04/2017,10:46:45pm,128.193.127.19,US,United States,OR,Oregon,Corvallis,97331,America/Los_Angeles,44.5642,-123.2790,801,0,0,,0,0,0,0,0,0,0,0,0,3496.2357208300286,0,95.27600648659143,3400.959714343437,0,0,0,148.0473776721831,22.185313200000003,
05/04/2017,11:59:41pm,128.193.154.182,US,United States,OR,Oregon,Corvallis,97331,America/Los_Angeles,44.5642,-123.2790,801,0,0,,0,0,0,0,0,0,0,0,0,3496.2357208300286,0,95.27600648659143,3400.959714343437,0,0,0,148.0473776721831,22.185313200000003,
05/04/2017,11:59:48pm,128.193.154.182,US,United States,OR,Oregon,Corvallis,97331,America/Los_Angeles,44.5642,-123.2790,801,0,0,,0,0,0,0,0,0,0,0,0,3496.2357208300286,0,95.27600648659143,3400.959714343437,0,0,0,148.0473776721831,22.185313200000003,
05/05/2017,12:02:16am,128.193.154.182,US,United States,OR,Oregon,Corvallis,97331,America/Los_Angeles,44.5642,-123.2790,801,456.13182,319.23,,0,0,136.90182,0,0,0,0,0,0,3496.2357208300286,0,95.27600648659143,3400.959714343437,0,0,0,148.0473776721831,22.185313200000003,
05/05/2017,12:03:39am,128.193.154.182,US,United States,OR,Oregon,Corvallis,97331,America/Los_Angeles,44.5642,-123.2790,801,456.13182,319.23,,0,0,136.90182,1178.306,178.42,61.620000000000005,24.5,238,0,3496.2357208300286,0,95.27600648659143,3400.959714343437,0,0,0,148.0473776721831,22.185313200000003,
05/05/2017,12:03:39am,128.193.154.182,US,United States,OR,Oregon,Corvallis,97331,America/Los_Angeles,44.5642,-123.2790,801,456.13182,319.23,,0,0,136.90182,1578.306,178.42,61.620000000000005,24.5,638,0,3496.2357208300286,0,95.27600648659143,3400.959714343437,0,0,0,148.0473776721831,22.185313200000003,
05/05/2017,12:03:40am,128.193.154.182,US,United States,OR,Oregon,Corvallis,97331,America/Los_Angeles,44.5642,-123.2790,801,456.13182,319.23,,0,0,136.90182,1340.306,178.42,61.620000000000005,24.5,400,0,3496.2357208300286,0,95.27600648659143,3400.959714343437,0,0,0,148.0473776721831,22.185313200000003,
05/05/2017,12:03:51am,128.193.154.182,US,United States,OR,Oregon,Corvallis,97331,America/Los_Angeles,44.5642,-123.2790,801,456.13182,319.23,,0,0,136.90182,1340.306,178.42,61.620000000000005,24.5,400,0,3496.2357208300286,0,95.27600648659143,3400.959714343437,0,0,0,148.0473776721831,22.185313200000003,
05/05/2017,12:03:59am,128.193.154.182,US,United States,OR,Oregon,Corvallis,97331,America/Los_Angeles,44.5642,-123.2790,801,456.13182,319.23,,0,0,136.90182,1340.306,178.42,61.620000000000005,24.5,400,0,4009.537397830029,0,95.27600648659143,3914.2613913434375,0,0,0,148.0473776721831,22.185313200000003,
05/05/2017,12:04:00am,128.193.154.182,US,United States,OR,Oregon,Corvallis,97331,America/Los_Angeles,44.5642,-123.2790,801,456.13182,319.23,,0,0,136.90182,1340.306,178.42,61.620000000000005,24.5,400,0,4884.829151830028,875.291754,95.27600648659143,3914.2613913434375,0,0,0,148.0473776721831,22.185313200000003,
05/05/2017,12:06:14am,128.193.154.182,US,United States,OR,Oregon,Corvallis,97331,America/Los_Angeles,44.5642,-123.2790,801,456.13182,319.23,,0,0,136.90182,1340.306,178.42,61.620000000000005,24.5,400,0,5459.291665330029,1449.7542675,95.27600648659143,3914.2613913434375,1886.3130000000003,1886.3130000000003,0,148.0473776721831,22.185313200000003,
05/05/2017,12:06:25am,128.193.154.182,US,United States,OR,Oregon,Corvallis,97331,America/Los_Angeles,44.5642,-123.2790,801,456.13182,319.23,,0,0,136.90182,1340.306,178.42,61.620000000000005,24.5,400,0,5459.291665330029,1449.7542675,95.27600648659143,3914.2613913434375,1892.8650000000002,1886.3130000000003,6.552,148.0473776721831,22.185313200000003,
05/05/2017,12:06:40am,128.193.154.182,US,United States,OR,Oregon,Corvallis,97331,America/Los_Angeles,44.5642,-123.2790,801,456.13182,319.23,,0,0,136.90182,1340.306,178.42,61.620000000000005,24.5,400,0,5459.291665330029,1449.7542675,95.27600648659143,3914.2613913434375,1892.8650000000002,1886.3130000000003,6.552,139.7686438980213,22.185313200000003,
05/05/2017,12:07:03am,128.193.154.182,US,United States,OR,Oregon,Corvallis,97331,America/Los_Angeles,44.5642,-123.2790,801,456.13182,319.23,,0,0,136.90182,1340.306,178.42,61.620000000000005,24.5,400,0,5459.291665330029,1449.7542675,95.27600648659143,3914.2613913434375,1892.8650000000002,1886.3130000000003,6.552,139.7686438980213,37.9390417,
05/05/2017,05:30:05pm,128.193.154.169,US,United States,OR,Oregon,Corvallis,97331,America/Los_Angeles,44.5642,-123.2790,801,0,0,,0,0,0,0,0,0,0,0,0,3496.2357208300286,0,95.27600648659143,3400.959714343437,0,0,0,148.0473776721831,22.185313200000003,
05/05/2017,07:44:09pm,128.193.154.177,US,United States,OR,Oregon,Corvallis,97331,America/Los_Angeles,44.5642,-123.2790,801,0,0,,0,0,0,0,0,0,0,0,0,3496.2357208300286,0,95.27600648659143,3400.959714343437,0,0,0,148.0473776721831,22.185313200000003,
05/05/2017,07:44:27pm,128.193.154.177,US,United States,OR,Oregon,Corvallis,97331,America/Los_Angeles,44.5642,-123.2790,801,0,0,,0,0,0,0,0,0,0,0,0,3496.2357208300286,0,95.27600648659143,3400.959714343437,0,0,0,148.0473776721831,22.185313200000003,
05/05/2017,07:48:20pm,128.193.154.177,US,United States,OR,Oregon,Corvallis,97331,America/Los_Angeles,44.5642,-123.2790,801,0,0,,0,0,0,NaN,72.86,0,16.333333333333332,400,0,3496.2357208300286,0,95.27600648659143,3400.959714343437,0,0,0,148.0473776721831,22.185313200000003,
05/05/2017,07:48:28pm,128.193.154.177,US,United States,OR,Oregon,Corvallis,97331,America/Los_Angeles,44.5642,-123.2790,801,0,0,,0,0,0,NaN,72.86,0,16.333333333333332,400,0,3496.2357208300286,0,95.27600648659143,3400.959714343437,0,0,0,148.0473776721831,22.185313200000003,
05/05/2017,07:48:36pm,128.193.154.177,US,United States,OR,Oregon,Corvallis,97331,America/Los_Angeles,44.5642,-123.2790,801,0,0,,0,0,0,NaN,72.86,0,16.333333333333332,400,0,5172.561914830028,875.291754,95.27600648659143,4201.994154343437,0,0,0,148.0473776721831,22.185313200000003,
05/05/2017,07:50:18pm,128.193.154.177,US,United States,OR,Oregon,Corvallis,97331,America/Los_Angeles,44.5642,-123.2790,801,0,0,,0,0,0,NaN,72.86,0,16.333333333333332,400,0,4856.251892830029,558.981732,95.27600648659143,4201.994154343437,0,0,0,148.0473776721831,22.185313200000003,
05/05/2017,07:58:46pm,128.193.154.177,US,United States,OR,Oregon,Corvallis,97331,America/Los_Angeles,44.5642,-123.2790,801,0,0,,0,0,0,NaN,72.86,0,16.333333333333332,400,0,4856.251892830029,558.981732,95.27600648659143,4201.994154343437,894.4884,894.4884,0,148.0473776721831,22.185313200000003,
05/05/2017,07:58:57pm,128.193.154.177,US,United States,OR,Oregon,Corvallis,97331,America/Los_Angeles,44.5642,-123.2790,801,0,0,,0,0,0,NaN,72.86,0,16.333333333333332,400,0,4856.251892830029,558.981732,95.27600648659143,4201.994154343437,894.4884,894.4884,0,148.0473776721831,22.185313200000003,
05/05/2017,07:59:15pm,128.193.154.177,US,United States,OR,Oregon,Corvallis,97331,America/Los_Angeles,44.5642,-123.2790,801,0,0,,0,0,0,NaN,72.86,0,16.333333333333332,400,0,4856.251892830029,558.981732,95.27600648659143,4201.994154343437,894.4884,894.4884,0,148.0473776721831,22.185313200000003,
05/05/2017,08:00:04pm,128.193.154.177,US,United States,OR,Oregon,Corvallis,97331,America/Los_Angeles,44.5642,-123.2790,801,0,0,,0,0,0,NaN,72.86,0,16.333333333333332,400,0,4856.251892830029,558.981732,95.27600648659143,4201.994154343437,894.4884,894.4884,0,148.0473776721831,43.36737036666666,
05/05/2017,08:02:28pm,128.193.154.177,US,United States,OR,Oregon,Corvallis,97331,America/Los_Angeles,44.5642,-123.2790,801,0,0,,0,0,0,NaN,72.86,0,16.333333333333332,400,0,4856.251892830029,558.981732,95.27600648659143,4201.994154343437,894.4884,894.4884,0,148.0473776721831,43.36737036666666,
05/05/2017,08:02:36pm,128.193.154.177,US,United States,OR,Oregon,Corvallis,97331,America/Los_Angeles,44.5642,-123.2790,801,0,0,,0,0,0,NaN,72.86,0,16.333333333333332,400,0,4856.251892830029,558.981732,95.27600648659143,4201.994154343437,894.4884,894.4884,0,148.0473776721831,43.36737036666666,
05/05/2017,10:10:55pm,128.193.154.169,US,United States,OR,Oregon,Corvallis,97331,America/Los_Angeles,44.5642,-123.2790,801,0,0,,0,0,0,0,0,0,0,0,0,95.27600648659143,0,95.27600648659143,0,0,0,0,0.405609253896392,0,
05/06/2017,06:11:01am,128.193.154.202,US,United States,OR,Oregon,Corvallis,97331,America/Los_Angeles,44.5642,-123.2790,801,0,0,,0,0,0,NaN,72.86,0,16.333333333333332,400,0,4856.251892830029,558.981732,95.27600648659143,4201.994154343437,894.4884,894.4884,0,148.0473776721831,43.36737036666666,
05/06/2017,06:11:35am,128.193.154.202,US,United States,OR,Oregon,Corvallis,97331,America/Los_Angeles,44.5642,-123.2790,801,0,0,,0,0,0,NaN,72.86,0,16.333333333333332,400,0,4856.251892830029,558.981732,95.27600648659143,4201.994154343437,894.4884,894.4884,0,148.0473776721831,43.36737036666666,
05/06/2017,06:44:44pm,128.193.154.44,US,United States,OR,Oregon,Corvallis,97331,America/Los_Angeles,44.5642,-123.2790,801,0,0,,0,0,0,NaN,72.86,0,16.333333333333332,400,0,4856.251892830029,558.981732,95.27600648659143,4201.994154343437,894.4884,894.4884,0,148.0473776721831,43.36737036666666,
05/06/2017,06:44:50pm,128.193.154.44,US,United States,OR,Oregon,Corvallis,97331,America/Los_Angeles,44.5642,-123.2790,801,0,0,,0,0,0,NaN,72.86,0,16.333333333333332,400,0,4856.251892830029,558.981732,95.27600648659143,4201.994154343437,894.4884,894.4884,0,148.0473776721831,43.36737036666666,
05/06/2017,06:44:56pm,128.193.154.44,US,United States,OR,Oregon,Corvallis,97331,America/Los_Angeles,44.5642,-123.2790,801,0,0,,0,0,0,NaN,72.86,0,16.333333333333332,400,0,4856.251892830029,558.981732,95.27600648659143,4201.994154343437,894.4884,894.4884,0,148.0473776721831,43.36737036666666,
05/06/2017,06:44:59pm,128.193.154.44,US,United States,OR,Oregon,Corvallis,97331,America/Los_Angeles,44.5642,-123.2790,801,0,0,,0,0,0,NaN,72.86,0,16.333333333333332,400,0,4856.251892830029,558.981732,95.27600648659143,4201.994154343437,894.4884,894.4884,0,148.0473776721831,43.36737036666666,
05/06/2017,06:45:02pm,128.193.154.44,US,United States,OR,Oregon,Corvallis,97331,America/Los_Angeles,44.5642,-123.2790,801,0,0,,0,0,0,NaN,72.86,0,16.333333333333332,400,0,4856.251892830029,558.981732,95.27600648659143,4201.994154343437,894.4884,894.4884,0,148.0473776721831,43.36737036666666,
05/06/2017,06:45:04pm,128.193.154.44,US,United States,OR,Oregon,Corvallis,97331,America/Los_Angeles,44.5642,-123.2790,801,0,0,,0,0,0,NaN,72.86,0,16.333333333333332,400,0,4856.251892830029,558.981732,95.27600648659143,4201.994154343437,894.4884,894.4884,0,148.0473776721831,43.36737036666666,
05/06/2017,06:45:06pm,128.193.154.44,US,United States,OR,Oregon,Corvallis,97331,America/Los_Angeles,44.5642,-123.2790,801,0,0,,0,0,0,NaN,72.86,0,16.333333333333332,400,0,4856.251892830029,558.981732,95.27600648659143,4201.994154343437,894.4884,894.4884,0,148.0473776721831,43.36737036666666,
05/07/2017,06:09:49pm,128.193.154.159,US,United States,OR,Oregon,Corvallis,97331,America/Los_Angeles,44.5642,-123.2790,801,0,0,,0,0,0,0,0,0,0,0,0,95.27600648659143,0,95.27600648659143,0,0,0,0,0.405609253896392,0,
05/07/2017,06:10:00pm,128.193.154.159,US,United States,OR,Oregon,Corvallis,97331,America/Los_Angeles,44.5642,-123.2790,801,0,0,,0,0,0,0,0,0,0,0,0,95.27600648659143,0,95.27600648659143,0,0,0,0,0.405609253896392,0,
05/07/2017,06:10:23pm,128.193.154.159,US,United States,OR,Oregon,Corvallis,97331,America/Los_Angeles,44.5642,-123.2790,801,60.212500000000006,60.212500000000006,,0,0,0,0,0,0,0,0,0,95.27600648659143,0,95.27600648659143,0,0,0,0,0.405609253896392,0,
05/07/2017,06:11:12pm,128.193.154.159,US,United States,OR,Oregon,Corvallis,97331,America/Los_Angeles,44.5642,-123.2790,801,60.212500000000006,60.212500000000006,,0,0,0,Infinity,178.42,55.44,Infinity,168,10.649535,95.27600648659143,0,95.27600648659143,0,0,0,0,0.405609253896392,0,
05/07/2017,06:11:14pm,128.193.154.159,US,United States,OR,Oregon,Corvallis,97331,America/Los_Angeles,44.5642,-123.2790,801,60.212500000000006,60.212500000000006,,0,0,0,Infinity,178.42,55.44,Infinity,406,10.649535,95.27600648659143,0,95.27600648659143,0,0,0,0,0.405609253896392,0,
05/07/2017,06:11:35pm,128.193.154.159,US,United States,OR,Oregon,Corvallis,97331,America/Los_Angeles,44.5642,-123.2790,801,60.212500000000006,60.212500000000006,,0,0,0,984.136535,178.42,55.44,24.5,406,10.649535,95.27600648659143,0,95.27600648659143,0,0,0,0,0.405609253896392,0,
05/07/2017,06:11:50pm,128.193.154.159,US,United States,OR,Oregon,Corvallis,97331,America/Los_Angeles,44.5642,-123.2790,801,60.212500000000006,60.212500000000006,,0,0,0,984.136535,178.42,55.44,24.5,406,10.649535,97.67406608659142,2.3980596,95.27600648659143,0,0,0,0,0.405609253896392,0,
05/07/2017,06:12:06pm,128.193.154.159,US,United States,OR,Oregon,Corvallis,97331,America/Los_Angeles,44.5642,-123.2790,801,60.212500000000006,60.212500000000006,,0,0,0,984.136535,178.42,55.44,24.5,406,10.649535,97.67406608659142,2.3980596,95.27600648659143,0,0,0,0,0.405609253896392,0,
05/07/2017,06:12:08pm,128.193.154.159,US,United States,OR,Oregon,Corvallis,97331,America/Los_Angeles,44.5642,-123.2790,801,60.212500000000006,60.212500000000006,,0,0,0,984.136535,178.42,55.44,24.5,406,10.649535,97.67406608659142,2.3980596,95.27600648659143,0,0,0,0,0.405609253896392,0,
05/07/2017,06:12:16pm,128.193.154.159,US,United States,OR,Oregon,Corvallis,97331,America/Los_Angeles,44.5642,-123.2790,801,60.212500000000006,60.212500000000006,,0,0,0,984.136535,178.42,55.44,24.5,406,10.649535,97.67406608659142,2.3980596,95.27600648659143,0,0,0,0,0.405609253896392,0,
05/07/2017,06:12:57pm,128.193.154.159,US,United States,OR,Oregon,Corvallis,97331,America/Los_Angeles,44.5642,-123.2790,801,60.212500000000006,60.212500000000006,,0,0,0,984.136535,178.42,55.44,24.5,406,10.649535,97.67406608659142,2.3980596,95.27600648659143,0,11.932100000000002,11.932100000000002,0,0.405609253896392,0,
05/07/2017,06:13:06pm,128.193.154.159,US,United States,OR,Oregon,Corvallis,97331,America/Los_Angeles,44.5642,-123.2790,801,60.212500000000006,60.212500000000006,,0,0,0,984.136535,178.42,55.44,24.5,406,10.649535,97.67406608659142,2.3980596,95.27600648659143,0,19.5761,11.932100000000002,7.643999999999999,0.405609253896392,0,
05/07/2017,06:13:25pm,128.193.154.159,US,United States,OR,Oregon,Corvallis,97331,America/Los_Angeles,44.5642,-123.2790,801,60.212500000000006,60.212500000000006,,0,0,0,984.136535,178.42,55.44,24.5,406,10.649535,97.67406608659142,2.3980596,95.27600648659143,0,19.5761,11.932100000000002,7.643999999999999,0.3159456608960315,0,
05/07/2017,06:13:53pm,128.193.154.159,US,United States,OR,Oregon,Corvallis,97331,America/Los_Angeles,44.5642,-123.2790,801,60.212500000000006,60.212500000000006,,0,0,0,984.136535,178.42,55.44,24.5,406,10.649535,97.67406608659142,2.3980596,95.27600648659143,0,19.5761,11.932100000000002,7.643999999999999,0.3159456608960315,0,
05/07/2017,06:14:05pm,128.193.154.159,US,United States,OR,Oregon,Corvallis,97331,America/Los_Angeles,44.5642,-123.2790,801,60.212500000000006,60.212500000000006,,0,0,0,984.136535,178.42,55.44,24.5,406,10.649535,97.67406608659142,2.3980596,95.27600648659143,0,19.5761,11.932100000000002,7.643999999999999,0.3159456608960315,0,
05/07/2017,06:14:15pm,128.193.154.159,US,United States,OR,Oregon,Corvallis,97331,America/Los_Angeles,44.5642,-123.2790,801,60.212500000000006,60.212500000000006,,0,0,0,984.136535,178.42,55.44,24.5,406,10.649535,97.67406608659142,2.3980596,95.27600648659143,0,19.5761,11.932100000000002,7.643999999999999,0.3159456608960315,0,
05/07/2017,07:47:36pm,128.193.154.79,US,United States,OR,Oregon,Corvallis,97331,America/Los_Angeles,44.5642,-123.2790,801,0,0,,0,0,0,0,0,0,0,0,0,71.45700486494357,0,71.45700486494357,0,0,0,0,0.405609253896392,0,
05/07/2017,07:47:55pm,128.193.154.79,US,United States,OR,Oregon,Corvallis,97331,America/Los_Angeles,44.5642,-123.2790,801,0,0,,0,0,0,0,0,0,0,0,0,47.638003243295714,0,47.638003243295714,0,0,0,0,0.405609253896392,0,
05/07/2017,07:48:29pm,128.193.154.79,US,United States,OR,Oregon,Corvallis,97331,America/Los_Angeles,44.5642,-123.2790,801,0,0,,0,0,0,0,0,0,0,0,0,47.638003243295714,0,47.638003243295714,0,0,0,0,0.405609253896392,0,
05/07/2017,07:50:17pm,128.193.154.79,US,United States,OR,Oregon,Corvallis,97331,America/Los_Angeles,44.5642,-123.2790,801,0,0,,0,0,0,867.3610000000001,200.8,69.30000000000001,7,238,0,47.638003243295714,0,47.638003243295714,0,0,0,0,0.405609253896392,0,
05/07/2017,07:50:27pm,128.193.154.79,US,United States,OR,Oregon,Corvallis,97331,America/Los_Angeles,44.5642,-123.2790,801,0,0,,0,0,0,867.3610000000001,200.8,69.30000000000001,7,238,0,47.638003243295714,0,47.638003243295714,0,0,0,0,0.405609253896392,0,
05/07/2017,07:50:46pm,128.193.154.79,US,United States,OR,Oregon,Corvallis,97331,America/Los_Angeles,44.5642,-123.2790,801,0,0,,0,0,0,867.3610000000001,200.8,69.30000000000001,7,238,0,47.638003243295714,0,47.638003243295714,0,0,0,0,0.405609253896392,0,
05/07/2017,07:51:25pm,128.193.154.79,US,United States,OR,Oregon,Corvallis,97331,America/Los_Angeles,44.5642,-123.2790,801,0,0,,0,0,0,867.3610000000001,200.8,69.30000000000001,7,238,0,1559343.0868347317,0,47.638003243295714,1559295.4488314884,0,0,0,0.405609253896392,0,
05/07/2017,07:52:31pm,128.193.154.79,US,United States,OR,Oregon,Corvallis,97331,America/Los_Angeles,44.5642,-123.2790,801,0,0,,0,0,0,867.3610000000001,200.8,69.30000000000001,7,238,0,1559343.0868347317,0,47.638003243295714,1559295.4488314884,29.581200000000003,29.581200000000003,0,0.405609253896392,0,
05/07/2017,07:52:50pm,128.193.154.79,US,United States,OR,Oregon,Corvallis,97331,America/Los_Angeles,44.5642,-123.2790,801,0,0,,0,0,0,867.3610000000001,200.8,69.30000000000001,7,238,0,1559343.0868347317,0,47.638003243295714,1559295.4488314884,29.581200000000003,29.581200000000003,0,0.405609253896392,0,
05/07/2017,07:53:51pm,128.193.154.79,US,United States,OR,Oregon,Corvallis,97331,America/Los_Angeles,44.5642,-123.2790,801,0,0,,0,0,0,867.3610000000001,200.8,69.30000000000001,7,238,0,1559343.0868347317,0,47.638003243295714,1559295.4488314884,29.581200000000003,29.581200000000003,0,0.38292779150142825,0,
05/07/2017,07:54:34pm,128.193.154.79,US,United States,OR,Oregon,Corvallis,97331,America/Los_Angeles,44.5642,-123.2790,801,0,0,,0,0,0,867.3610000000001,200.8,69.30000000000001,7,238,0,1559343.0868347317,0,47.638003243295714,1559295.4488314884,29.581200000000003,29.581200000000003,0,0.38292779150142825,0,
05/07/2017,07:55:15pm,128.193.154.79,US,United States,OR,Oregon,Corvallis,97331,America/Los_Angeles,44.5642,-123.2790,801,0,0,,0,0,0,867.3610000000001,200.8,69.30000000000001,7,238,0,1559343.0868347317,0,47.638003243295714,1559295.4488314884,29.581200000000003,29.581200000000003,0,0.38292779150142825,0,
05/08/2017,12:12:06am,128.193.154.5,US,United States,OR,Oregon,Corvallis,97331,America/Los_Angeles,44.5642,-123.2790,801,0,0,,0,0,0,0,0,0,0,0,0,95.27600648659143,0,95.27600648659143,0,0,0,0,0.405609253896392,0,
05/08/2017,12:15:24am,128.193.154.5,US,United States,OR,Oregon,Corvallis,97331,America/Los_Angeles,44.5642,-123.2790,801,0.136,0,,0,0,0,0,0,0,0,0,0,95.27600648659143,0,95.27600648659143,0,0,0,0,0.405609253896392,0,
05/08/2017,12:21:59am,128.193.154.5,US,United States,OR,Oregon,Corvallis,97331,America/Los_Angeles,44.5642,-123.2790,801,0.136,0,,0,0,0,345.512,47.620000000000005,33.263999999999996,12.25,238,0,95.27600648659143,0,95.27600648659143,0,0,0,0,0.405609253896392,0,
05/08/2017,12:24:31am,128.193.154.5,US,United States,OR,Oregon,Corvallis,97331,America/Los_Angeles,44.5642,-123.2790,801,0.136,0,,0,0,0,345.512,47.620000000000005,33.263999999999996,12.25,238,0,95.27600648659143,0,95.27600648659143,0,0,0,0,0.405609253896392,0,
05/08/2017,12:24:46am,128.193.154.5,US,United States,OR,Oregon,Corvallis,97331,America/Los_Angeles,44.5642,-123.2790,801,0.136,0,,0,0,0,345.512,47.620000000000005,33.263999999999996,12.25,238,0,97.67406608659142,2.3980596,95.27600648659143,0,0,0,0,0.405609253896392,0,
05/08/2017,12:27:33am,128.193.154.5,US,United States,OR,Oregon,Corvallis,97331,America/Los_Angeles,44.5642,-123.2790,801,0.136,0,,0,0,0,345.512,47.620000000000005,33.263999999999996,12.25,238,0,95.95996548659143,0.683959,95.27600648659143,0,0,0,0,0.405609253896392,0,
05/08/2017,08:19:14pm,128.193.154.6,US,United States,OR,Oregon,Corvallis,97331,America/Los_Angeles,44.5642,-123.2790,801,0,0,,0,0,0,0,0,0,0,0,0,71.45700486494357,0,71.45700486494357,0,0,0,0,0.405609253896392,0,
05/08/2017,08:20:15pm,128.193.154.195,US,United States,OR,Oregon,Corvallis,97331,America/Los_Angeles,44.5642,-123.2790,801,0,0,,0,0,0,NaN,72.86,0,16.333333333333332,400,0,4856.251892830029,558.981732,95.27600648659143,4201.994154343437,894.4884,894.4884,0,148.0473776721831,43.36737036666666,
05/08/2017,08:20:21pm,128.193.154.195,US,United States,OR,Oregon,Corvallis,97331,America/Los_Angeles,44.5642,-123.2790,801,0,0,,0,0,0,NaN,72.86,0,16.333333333333332,400,0,4856.251892830029,558.981732,95.27600648659143,4201.994154343437,894.4884,894.4884,0,148.0473776721831,43.36737036666666,
05/08/2017,08:21:08pm,128.193.154.6,US,United States,OR,Oregon,Corvallis,97331,America/Los_Angeles,44.5642,-123.2790,801,236.76969999999997,0,,8.6,0,228.16969999999998,0,0,0,0,0,0,71.45700486494357,0,71.45700486494357,0,0,0,0,0.405609253896392,0,
05/08/2017,08:22:04pm,128.193.154.6,US,United States,OR,Oregon,Corvallis,97331,America/Los_Angeles,44.5642,-123.2790,801,236.76969999999997,0,,8.6,0,228.16969999999998,Infinity,87.78,138.60000000000002,49,Infinity,42.59814,71.45700486494357,0,71.45700486494357,0,0,0,0,0.405609253896392,0,
05/08/2017,08:22:09pm,128.193.154.6,US,United States,OR,Oregon,Corvallis,97331,America/Los_Angeles,44.5642,-123.2790,801,236.76969999999997,0,,8.6,0,228.16969999999998,Infinity,87.78,138.60000000000002,49,Infinity,42.59814,71.45700486494357,0,71.45700486494357,0,0,0,0,0.405609253896392,0,
05/08/2017,08:22:10pm,128.193.154.6,US,United States,OR,Oregon,Corvallis,97331,America/Los_Angeles,44.5642,-123.2790,801,236.76969999999997,0,,8.6,0,228.16969999999998,Infinity,87.78,138.60000000000002,49,Infinity,42.59814,71.45700486494357,0,71.45700486494357,0,0,0,0,0.405609253896392,0,
05/08/2017,08:22:11pm,128.193.154.6,US,United States,OR,Oregon,Corvallis,97331,America/Los_Angeles,44.5642,-123.2790,801,236.76969999999997,0,,8.6,0,228.16969999999998,1802.32814,87.78,138.60000000000002,49,406,42.59814,71.45700486494357,0,71.45700486494357,0,0,0,0,0.405609253896392,0,
05/08/2017,08:22:12pm,128.193.154.6,US,United States,OR,Oregon,Corvallis,97331,America/Los_Angeles,44.5642,-123.2790,801,236.76969999999997,0,,8.6,0,228.16969999999998,Infinity,87.78,138.60000000000002,49,Infinity,42.59814,71.45700486494357,0,71.45700486494357,0,0,0,0,0.405609253896392,0,
05/08/2017,08:22:14pm,128.193.154.6,US,United States,OR,Oregon,Corvallis,97331,America/Los_Angeles,44.5642,-123.2790,801,236.76969999999997,0,,8.6,0,228.16969999999998,1802.32814,87.78,138.60000000000002,49,406,42.59814,71.45700486494357,0,71.45700486494357,0,0,0,0,0.405609253896392,0,
05/08/2017,08:22:32pm,128.193.154.6,US,United States,OR,Oregon,Corvallis,97331,America/Los_Angeles,44.5642,-123.2790,801,236.76969999999997,0,,8.6,0,228.16969999999998,1802.32814,87.78,138.60000000000002,49,406,42.59814,71.45700486494357,0,71.45700486494357,0,0,0,0,0.405609253896392,0,
05/08/2017,08:22:42pm,128.193.154.6,US,United States,OR,Oregon,Corvallis,97331,America/Los_Angeles,44.5642,-123.2790,801,236.76969999999997,0,,8.6,0,228.16969999999998,1802.32814,87.78,138.60000000000002,49,406,42.59814,71.45700486494357,0,71.45700486494357,0,0,0,0,0.405609253896392,0,
05/08/2017,08:24:29pm,128.193.154.6,US,United States,OR,Oregon,Corvallis,97331,America/Los_Angeles,44.5642,-123.2790,801,236.76969999999997,0,,8.6,0,228.16969999999998,1802.32814,87.78,138.60000000000002,49,406,42.59814,71.45700486494357,0,71.45700486494357,0,13.099099999999998,13.099099999999998,0,0.405609253896392,0,
05/08/2017,08:25:15pm,128.193.154.6,US,United States,OR,Oregon,Corvallis,97331,America/Los_Angeles,44.5642,-123.2790,801,236.76969999999997,0,,8.6,0,228.16969999999998,1802.32814,87.78,138.60000000000002,49,406,42.59814,71.45700486494357,0,71.45700486494357,0,13.099099999999998,13.099099999999998,0,0.3159456608960315,0,
05/08/2017,08:26:16pm,128.193.154.6,US,United States,OR,Oregon,Corvallis,97331,America/Los_Angeles,44.5642,-123.2790,801,236.76969999999997,0,,8.6,0,228.16969999999998,1802.32814,87.78,138.60000000000002,49,406,42.59814,71.45700486494357,0,71.45700486494357,0,13.099099999999998,13.099099999999998,0,0.3159456608960315,0,
05/08/2017,08:27:20pm,128.193.154.6,US,United States,OR,Oregon,Corvallis,97331,America/Los_Angeles,44.5642,-123.2790,801,236.76969999999997,0,,8.6,0,228.16969999999998,1802.32814,87.78,138.60000000000002,49,406,42.59814,71.45700486494357,0,71.45700486494357,0,13.099099999999998,13.099099999999998,0,0.3159456608960315,0,
05/08/2017,08:27:58pm,128.193.154.6,US,United States,OR,Oregon,Corvallis,97331,America/Los_Angeles,44.5642,-123.2790,801,236.76969999999997,0,,8.6,0,228.16969999999998,1802.32814,87.78,138.60000000000002,49,406,42.59814,71.45700486494357,0,71.45700486494357,0,13.099099999999998,13.099099999999998,0,0.3159456608960315,0,
05/08/2017,08:28:15pm,128.193.154.6,US,United States,OR,Oregon,Corvallis,97331,America/Los_Angeles,44.5642,-123.2790,801,236.76969999999997,0,,8.6,0,228.16969999999998,1802.32814,87.78,138.60000000000002,49,406,42.59814,71.45700486494357,0,71.45700486494357,0,13.099099999999998,13.099099999999998,0,0.3159456608960315,0,
05/08/2017,08:28:29pm,128.193.154.6,US,United States,OR,Oregon,Corvallis,97331,America/Los_Angeles,44.5642,-123.2790,801,236.76969999999997,0,,8.6,0,228.16969999999998,1802.32814,87.78,138.60000000000002,49,406,42.59814,71.45700486494357,0,71.45700486494357,0,13.099099999999998,13.099099999999998,0,0.405609253896392,0,
05/08/2017,08:28:36pm,128.193.154.6,US,United States,OR,Oregon,Corvallis,97331,America/Los_Angeles,44.5642,-123.2790,801,236.76969999999997,0,,8.6,0,228.16969999999998,1802.32814,87.78,138.60000000000002,49,406,42.59814,71.45700486494357,0,71.45700486494357,0,13.099099999999998,13.099099999999998,0,0.405609253896392,0,
05/08/2017,08:29:11pm,128.193.154.6,US,United States,OR,Oregon,Corvallis,97331,America/Los_Angeles,44.5642,-123.2790,801,236.76969999999997,0,,8.6,0,228.16969999999998,1983.52628,87.78,277.20000000000005,49,406,85.19628,71.45700486494357,0,71.45700486494357,0,13.099099999999998,13.099099999999998,0,0.405609253896392,0,
05/08/2017,08:29:28pm,128.193.154.6,US,United States,OR,Oregon,Corvallis,97331,America/Los_Angeles,44.5642,-123.2790,801,241.06969999999998,0,,12.899999999999999,0,228.16969999999998,1983.52628,87.78,277.20000000000005,49,406,85.19628,71.45700486494357,0,71.45700486494357,0,13.099099999999998,13.099099999999998,0,0.405609253896392,0,
05/08/2017,08:29:45pm,128.193.154.6,US,United States,OR,Oregon,Corvallis,97331,America/Los_Angeles,44.5642,-123.2790,801,241.06969999999998,0,,12.899999999999999,0,228.16969999999998,1983.52628,87.78,277.20000000000005,49,406,85.19628,71.45700486494357,0,71.45700486494357,0,13.099099999999998,13.099099999999998,0,0.405609253896392,0,
05/08/2017,08:30:04pm,128.193.154.6,US,United States,OR,Oregon,Corvallis,97331,America/Los_Angeles,44.5642,-123.2790,801,241.06969999999998,0,,12.899999999999999,0,228.16969999999998,1983.52628,87.78,277.20000000000005,49,406,85.19628,71.45700486494357,0,71.45700486494357,0,13.099099999999998,13.099099999999998,0,0.405609253896392,0,
05/08/2017,08:33:36pm,128.193.154.6,US,United States,OR,Oregon,Corvallis,97331,America/Los_Angeles,44.5642,-123.2790,801,241.06969999999998,0,,12.899999999999999,0,228.16969999999998,1983.52628,87.78,277.20000000000005,49,406,85.19628,71.45700486494357,0,71.45700486494357,0,13.099099999999998,13.099099999999998,0,0.405609253896392,0,
05/09/2017,07:53:22pm,128.193.154.253,US,United States,OR,Oregon,Corvallis,97331,America/Los_Angeles,44.5642,-123.2790,801,0,0,,0,0,0,0,0,0,0,0,0,71.45700486494357,0,71.45700486494357,0,0,0,0,0.405609253896392,0,
05/09/2017,07:53:32pm,128.193.154.253,US,United States,OR,Oregon,Corvallis,97331,America/Los_Angeles,44.5642,-123.2790,801,0,0,,0,0,0,0,0,0,0,0,0,71.45700486494357,0,71.45700486494357,0,0,0,0,0.405609253896392,0,
05/09/2017,07:55:03pm,128.193.154.253,US,United States,OR,Oregon,Corvallis,97331,America/Los_Angeles,44.5642,-123.2790,801,NaN,7.2255,,13.759999999999998,0,NaN,0,0,0,0,0,0,71.45700486494357,0,71.45700486494357,0,0,0,0,0.405609253896392,0,
05/09/2017,07:56:59pm,128.193.154.253,US,United States,OR,Oregon,Corvallis,97331,America/Los_Angeles,44.5642,-123.2790,801,NaN,7.2255,,13.759999999999998,0,NaN,803.191,131.38,55.44,98,238,0,71.45700486494357,0,71.45700486494357,0,0,0,0,0.405609253896392,0,
05/09/2017,07:57:18pm,128.193.154.253,US,United States,OR,Oregon,Corvallis,97331,America/Los_Angeles,44.5642,-123.2790,801,NaN,7.2255,,13.759999999999998,0,NaN,803.191,131.38,55.44,98,238,0,71.45700486494357,0,71.45700486494357,0,0,0,0,0.405609253896392,0,
05/09/2017,07:57:33pm,128.193.154.253,US,United States,OR,Oregon,Corvallis,97331,America/Los_Angeles,44.5642,-123.2790,801,NaN,7.2255,,13.759999999999998,0,NaN,803.191,131.38,55.44,98,238,0,71.45700486494357,0,71.45700486494357,0,0,0,0,0.405609253896392,0,
05/09/2017,07:58:30pm,128.193.154.253,US,United States,OR,Oregon,Corvallis,97331,America/Los_Angeles,44.5642,-123.2790,801,NaN,7.2255,,13.759999999999998,0,NaN,803.191,131.38,55.44,98,238,0,397102.28349629184,0,71.45700486494357,397030.8264914269,0,0,0,0.405609253896392,0,
05/09/2017,09:30:39pm,128.193.154.253,US,United States,OR,Oregon,Corvallis,97331,America/Los_Angeles,44.5642,-123.2790,801,NaN,7.2255,,13.759999999999998,0,NaN,803.191,131.38,55.44,98,238,0,397102.28349629184,0,71.45700486494357,397030.8264914269,2.01025,2.01025,0,0.405609253896392,0,
05/09/2017,09:30:51pm,128.193.154.253,US,United States,OR,Oregon,Corvallis,97331,America/Los_Angeles,44.5642,-123.2790,801,NaN,7.2255,,13.759999999999998,0,NaN,803.191,131.38,55.44,98,238,0,397102.28349629184,0,71.45700486494357,397030.8264914269,9.39425,2.01025,7.3839999999999995,0.405609253896392,0,
05/09/2017,09:31:14pm,128.193.154.253,US,United States,OR,Oregon,Corvallis,97331,America/Los_Angeles,44.5642,-123.2790,801,NaN,7.2255,,13.759999999999998,0,NaN,803.191,131.38,55.44,98,238,0,397102.28349629184,0,71.45700486494357,397030.8264914269,9.39425,2.01025,7.3839999999999995,0.38292779150142825,0,
05/09/2017,09:31:43pm,128.193.154.253,US,United States,OR,Oregon,Corvallis,97331,America/Los_Angeles,44.5642,-123.2790,801,NaN,7.2255,,13.759999999999998,0,NaN,803.191,131.38,55.44,98,238,0,397102.28349629184,0,71.45700486494357,397030.8264914269,9.39425,2.01025,7.3839999999999995,0.38292779150142825,0,
05/10/2017,01:36:24am,128.193.154.225,US,United States,OR,Oregon,Corvallis,97331,America/Los_Angeles,44.5642,-123.2790,801,0,0,,0,0,0,0,0,0,0,0,0,95.27600648659143,0,95.27600648659143,0,0,0,0,0.405609253896392,0,
05/10/2017,01:36:30am,128.193.154.225,US,United States,OR,Oregon,Corvallis,97331,America/Los_Angeles,44.5642,-123.2790,801,0,0,,0,0,0,0,0,0,0,0,0,95.27600648659143,0,95.27600648659143,0,0,0,0,0.405609253896392,0,
05/10/2017,04:13:01am,128.193.154.41,US,United States,OR,Oregon,Corvallis,97331,America/Los_Angeles,44.5642,-123.2790,801,0,0,,0,0,0,0,0,0,0,0,0,95.27600648659143,0,95.27600648659143,0,0,0,0,0.405609253896392,0,
05/12/2017,05:18:04am,71.12.125.184,US,United States,OR,Oregon,Coos Bay,97420,America/Los_Angeles,43.3740,-124.1477,801,0,0,,0,0,0,0,0,0,0,0,0,71.45700486494357,0,71.45700486494357,0,0,0,0,0.405609253896392,0,
05/12/2017,05:18:27am,71.12.125.184,US,United States,OR,Oregon,Coos Bay,97420,America/Los_Angeles,43.3740,-124.1477,801,0,0,,0,0,0,0,0,0,0,0,0,71.45700486494357,0,71.45700486494357,0,0,0,0,0.405609253896392,0,
05/12/2017,05:20:08am,71.12.125.184,US,United States,OR,Oregon,Coos Bay,97420,America/Los_Angeles,43.3740,-124.1477,801,15.961500000000001,15.961500000000001,,0,0,0,0,0,0,0,0,0,71.45700486494357,0,71.45700486494357,0,0,0,0,0.405609253896392,0,
05/12/2017,05:22:06am,71.12.125.184,US,United States,OR,Oregon,Coos Bay,97420,America/Los_Angeles,43.3740,-124.1477,801,15.961500000000001,15.961500000000001,,0,0,0,696.474,51.06,27.72,49,238,0,71.45700486494357,0,71.45700486494357,0,0,0,0,0.405609253896392,0,
05/12/2017,05:22:27am,71.12.125.184,US,United States,OR,Oregon,Coos Bay,97420,America/Los_Angeles,43.3740,-124.1477,801,15.961500000000001,15.961500000000001,,0,0,0,696.474,51.06,27.72,49,238,0,71.45700486494357,0,71.45700486494357,0,0,0,0,0.405609253896392,0,
05/12/2017,05:22:56am,71.12.125.184,US,United States,OR,Oregon,Coos Bay,97420,America/Los_Angeles,43.3740,-124.1477,801,15.961500000000001,15.961500000000001,,0,0,0,696.474,51.06,27.72,49,238,0,71.45700486494357,0,71.45700486494357,0,0,0,0,0.405609253896392,0,
05/12/2017,05:23:29am,71.12.125.184,US,United States,OR,Oregon,Coos Bay,97420,America/Los_Angeles,43.3740,-124.1477,801,15.961500000000001,15.961500000000001,,0,0,0,696.474,51.06,27.72,49,238,0,1769016.660955354,0,71.45700486494357,1768945.2039504892,0,0,0,0.405609253896392,0,
05/12/2017,05:27:25am,71.12.125.184,US,United States,OR,Oregon,Coos Bay,97420,America/Los_Angeles,43.3740,-124.1477,801,15.961500000000001,15.961500000000001,,0,0,0,696.474,51.06,27.72,49,238,0,1769016.660955354,0,71.45700486494357,1768945.2039504892,15.037700000000001,15.037700000000001,0,0.405609253896392,0,
05/12/2017,05:27:40am,71.12.125.184,US,United States,OR,Oregon,Coos Bay,97420,America/Los_Angeles,43.3740,-124.1477,801,15.961500000000001,15.961500000000001,,0,0,0,696.474,51.06,27.72,49,238,0,1769016.660955354,0,71.45700486494357,1768945.2039504892,33.4977,15.037700000000001,18.46,0.405609253896392,0,
05/12/2017,05:28:26am,71.12.125.184,US,United States,OR,Oregon,Coos Bay,97420,America/Los_Angeles,43.3740,-124.1477,801,15.961500000000001,15.961500000000001,,0,0,0,696.474,51.06,27.72,49,238,0,1769016.660955354,0,71.45700486494357,1768945.2039504892,33.4977,15.037700000000001,18.46,0.38292779150142825,0,
05/12/2017,05:29:43am,71.12.125.184,US,United States,OR,Oregon,Coos Bay,97420,America/Los_Angeles,43.3740,-124.1477,801,15.961500000000001,15.961500000000001,,0,0,0,696.474,51.06,27.72,49,238,0,1769016.660955354,0,71.45700486494357,1768945.2039504892,33.4977,15.037700000000001,18.46,0.38292779150142825,0,
05/15/2017,11:55:00pm,128.193.8.124,US,United States,OR,Oregon,Corvallis,97331,America/Los_Angeles,44.5642,-123.2790,801,0,0,,0,0,0,0,0,0,0,0,0,71.45700486494357,0,71.45700486494357,0,0,0,0,0.405609253896392,0,
05/15/2017,11:55:03pm,128.193.8.124,US,United States,OR,Oregon,Corvallis,97331,America/Los_Angeles,44.5642,-123.2790,801,0,0,,0,0,0,0,0,0,0,0,0,71.45700486494357,0,71.45700486494357,0,0,0,0,0.405609253896392,0,
05/15/2017,11:55:42pm,128.193.8.124,US,United States,OR,Oregon,Corvallis,97331,America/Los_Angeles,44.5642,-123.2790,801,271.21076,88.675,,0,0,182.53576,0,0,0,0,0,0,71.45700486494357,0,71.45700486494357,0,0,0,0,0.405609253896392,0,
05/15/2017,11:56:16pm,128.193.8.124,US,United States,OR,Oregon,Corvallis,97331,America/Los_Angeles,44.5642,-123.2790,801,271.21076,88.675,,0,0,182.53576,792.076,83.75999999999999,55.44,49,0,0,71.45700486494357,0,71.45700486494357,0,0,0,0,0.405609253896392,0,
05/15/2017,11:56:31pm,128.193.8.124,US,United States,OR,Oregon,Corvallis,97331,America/Los_Angeles,44.5642,-123.2790,801,271.21076,88.675,,0,0,182.53576,792.076,83.75999999999999,55.44,49,0,0,71.45700486494357,0,71.45700486494357,0,0,0,0,0.405609253896392,0,
05/15/2017,11:56:43pm,128.193.8.124,US,United States,OR,Oregon,Corvallis,97331,America/Los_Angeles,44.5642,-123.2790,801,271.21076,88.675,,0,0,182.53576,792.076,83.75999999999999,55.44,49,0,0,2780582.8242366733,0,71.45700486494357,2780511.367231808,0,0,0,0.405609253896392,0,
05/15/2017,11:57:57pm,128.193.8.124,US,United States,OR,Oregon,Corvallis,97331,America/Los_Angeles,44.5642,-123.2790,801,271.21076,88.675,,0,0,182.53576,792.076,83.75999999999999,55.44,49,0,0,2780582.8242366733,0,71.45700486494357,2780511.367231808,28.59815,28.59815,0,0.405609253896392,0,
05/15/2017,11:58:04pm,128.193.8.124,US,United States,OR,Oregon,Corvallis,97331,America/Los_Angeles,44.5642,-123.2790,801,271.21076,88.675,,0,0,182.53576,792.076,83.75999999999999,55.44,49,0,0,2780582.8242366733,0,71.45700486494357,2780511.367231808,36.24215,28.59815,7.643999999999999,0.405609253896392,0,
05/15/2017,11:58:30pm,128.193.8.124,US,United States,OR,Oregon,Corvallis,97331,America/Los_Angeles,44.5642,-123.2790,801,271.21076,88.675,,0,0,182.53576,792.076,83.75999999999999,55.44,49,0,0,2780582.8242366733,0,71.45700486494357,2780511.367231808,36.24215,28.59815,7.643999999999999,0.38292779150142825,0,
05/15/2017,11:59:05pm,128.193.8.124,US,United States,OR,Oregon,Corvallis,97331,America/Los_Angeles,44.5642,-123.2790,801,271.21076,88.675,,0,0,182.53576,792.076,83.75999999999999,55.44,49,0,0,2780582.8242366733,0,71.45700486494357,2780511.367231808,36.24215,28.59815,7.643999999999999,0.38292779150142825,0,
05/16/2017,12:00:06am,128.193.8.124,US,United States,OR,Oregon,Corvallis,97331,America/Los_Angeles,44.5642,-123.2790,801,271.21076,88.675,,0,0,182.53576,792.076,83.75999999999999,55.44,49,0,0,2780582.8242366733,0,71.45700486494357,2780511.367231808,36.24215,28.59815,7.643999999999999,0.38292779150142825,0,
05/16/2017,12:00:13am,128.193.8.124,US,United States,OR,Oregon,Corvallis,97331,America/Los_Angeles,44.5642,-123.2790,801,271.21076,88.675,,0,0,182.53576,792.076,83.75999999999999,55.44,49,0,0,2780582.8242366733,0,71.45700486494357,2780511.367231808,36.24215,28.59815,7.643999999999999,0.38292779150142825,0,
05/16/2017,12:03:24am,128.193.8.124,US,United States,OR,Oregon,Corvallis,97331,America/Los_Angeles,44.5642,-123.2790,801,271.21076,88.675,,0,0,182.53576,792.076,83.75999999999999,55.44,49,0,0,2780582.8242366733,0,71.45700486494357,2780511.367231808,36.24215,28.59815,7.643999999999999,0.38292779150142825,0,
05/16/2017,12:03:25am,128.193.8.124,US,United States,OR,Oregon,Corvallis,97331,America/Los_Angeles,44.5642,-123.2790,801,271.21076,88.675,,0,0,182.53576,792.076,83.75999999999999,55.44,49,0,0,2780582.8242366733,0,71.45700486494357,2780511.367231808,36.24215,28.59815,7.643999999999999,0.38292779150142825,0,
05/16/2017,12:03:27am,128.193.8.124,US,United States,OR,Oregon,Corvallis,97331,America/Los_Angeles,44.5642,-123.2790,801,271.21076,88.675,,0,0,182.53576,792.076,83.75999999999999,55.44,49,0,0,2780582.8242366733,0,71.45700486494357,2780511.367231808,36.24215,28.59815,7.643999999999999,0.38292779150142825,0,
05/16/2017,12:03:31am,128.193.8.124,US,United States,OR,Oregon,Corvallis,97331,America/Los_Angeles,44.5642,-123.2790,801,271.21076,88.675,,0,0,182.53576,792.076,83.75999999999999,55.44,49,0,0,2780582.8242366733,0,71.45700486494357,2780511.367231808,36.24215,28.59815,7.643999999999999,0.38292779150142825,0,
05/16/2017,12:03:33am,128.193.8.124,US,United States,OR,Oregon,Corvallis,97331,America/Los_Angeles,44.5642,-123.2790,801,271.21076,88.675,,0,0,182.53576,792.076,83.75999999999999,55.44,49,0,0,2780582.8242366733,0,71.45700486494357,2780511.367231808,36.24215,28.59815,7.643999999999999,0.38292779150142825,0,
05/16/2017,12:03:36am,128.193.8.124,US,United States,OR,Oregon,Corvallis,97331,America/Los_Angeles,44.5642,-123.2790,801,271.21076,88.675,,0,0,182.53576,792.076,83.75999999999999,55.44,49,0,0,2780582.8242366733,0,71.45700486494357,2780511.367231808,36.24215,28.59815,7.643999999999999,0.38292779150142825,0,
05/16/2017,12:03:38am,128.193.8.124,US,United States,OR,Oregon,Corvallis,97331,America/Los_Angeles,44.5642,-123.2790,801,271.21076,88.675,,0,0,182.53576,792.076,83.75999999999999,55.44,49,0,0,2780582.8242366733,0,71.45700486494357,2780511.367231808,36.24215,28.59815,7.643999999999999,0.38292779150142825,0,
05/16/2017,12:03:40am,128.193.8.124,US,United States,OR,Oregon,Corvallis,97331,America/Los_Angeles,44.5642,-123.2790,801,271.21076,88.675,,0,0,182.53576,792.076,83.75999999999999,55.44,49,0,0,2780582.8242366733,0,71.45700486494357,2780511.367231808,36.24215,28.59815,7.643999999999999,0.38292779150142825,0,
05/16/2017,12:03:42am,128.193.8.124,US,United States,OR,Oregon,Corvallis,97331,America/Los_Angeles,44.5642,-123.2790,801,271.21076,88.675,,0,0,182.53576,792.076,83.75999999999999,55.44,49,0,0,2780582.8242366733,0,71.45700486494357,2780511.367231808,36.24215,28.59815,7.643999999999999,0.38292779150142825,0,
05/16/2017,12:03:47am,128.193.8.124,US,United States,OR,Oregon,Corvallis,97331,America/Los_Angeles,44.5642,-123.2790,801,271.21076,88.675,,0,0,182.53576,792.076,83.75999999999999,55.44,49,0,0,2780582.8242366733,0,71.45700486494357,2780511.367231808,36.24215,28.59815,7.643999999999999,0.38292779150142825,0,
05/16/2017,12:03:51am,128.193.8.124,US,United States,OR,Oregon,Corvallis,97331,America/Los_Angeles,44.5642,-123.2790,801,271.21076,88.675,,0,0,182.53576,792.076,83.75999999999999,55.44,49,0,0,2780582.8242366733,0,71.45700486494357,2780511.367231808,36.24215,28.59815,7.643999999999999,0.38292779150142825,0,
05/16/2017,12:04:01am,128.193.8.124,US,United States,OR,Oregon,Corvallis,97331,America/Los_Angeles,44.5642,-123.2790,801,271.21076,88.675,,0,0,182.53576,743.076,83.75999999999999,55.44,0,0,0,2780582.8242366733,0,71.45700486494357,2780511.367231808,36.24215,28.59815,7.643999999999999,0.38292779150142825,0,
05/16/2017,12:04:03am,128.193.8.124,US,United States,OR,Oregon,Corvallis,97331,America/Los_Angeles,44.5642,-123.2790,801,271.21076,88.675,,0,0,182.53576,743.076,83.75999999999999,55.44,0,0,0,2780582.8242366733,0,71.45700486494357,2780511.367231808,36.24215,28.59815,7.643999999999999,0.38292779150142825,0,
05/16/2017,12:04:07am,128.193.8.124,US,United States,OR,Oregon,Corvallis,97331,America/Los_Angeles,44.5642,-123.2790,801,271.21076,88.675,,0,0,182.53576,743.076,83.75999999999999,55.44,0,0,0,2780582.8242366733,0,71.45700486494357,2780511.367231808,36.24215,28.59815,7.643999999999999,0.38292779150142825,0,
05/16/2017,12:04:08am,128.193.8.124,US,United States,OR,Oregon,Corvallis,97331,America/Los_Angeles,44.5642,-123.2790,801,271.21076,88.675,,0,0,182.53576,743.076,83.75999999999999,55.44,0,0,0,2780582.8242366733,0,71.45700486494357,2780511.367231808,36.24215,28.59815,7.643999999999999,0.38292779150142825,0,
05/16/2017,12:04:09am,128.193.8.124,US,United States,OR,Oregon,Corvallis,97331,America/Los_Angeles,44.5642,-123.2790,801,271.21076,88.675,,0,0,182.53576,743.076,83.75999999999999,55.44,0,0,0,2780582.8242366733,0,71.45700486494357,2780511.367231808,36.24215,28.59815,7.643999999999999,0.38292779150142825,0,
05/16/2017,07:32:40pm,128.193.154.54,US,United States,OR,Oregon,Corvallis,97331,America/Los_Angeles,44.5642,-123.2790,801,0,0,,0,0,0,0,0,0,0,0,0,71.45700486494357,0,71.45700486494357,0,0,0,0,0.405609253896392,0,
05/16/2017,07:35:48pm,128.193.154.54,US,United States,OR,Oregon,Corvallis,97331,America/Los_Angeles,44.5642,-123.2790,801,473.802794,0,,12.899999999999998,0,460.90279400000003,0,0,0,0,0,0,71.45700486494357,0,71.45700486494357,0,0,0,0,0.405609253896392,0,
05/16/2017,07:36:37pm,128.193.154.54,US,United States,OR,Oregon,Corvallis,97331,America/Los_Angeles,44.5642,-123.2790,801,473.802794,0,,12.899999999999998,0,460.90279400000003,1883.31,91.8,138.60000000000002,49,238,0,71.45700486494357,0,71.45700486494357,0,0,0,0,0.405609253896392,0,
05/16/2017,07:36:45pm,128.193.154.54,US,United States,OR,Oregon,Corvallis,97331,America/Los_Angeles,44.5642,-123.2790,801,473.802794,0,,12.899999999999998,0,460.90279400000003,1883.31,91.8,138.60000000000002,49,238,0,71.45700486494357,0,71.45700486494357,0,0,0,0,0.405609253896392,0,
05/16/2017,07:36:57pm,128.193.154.54,US,United States,OR,Oregon,Corvallis,97331,America/Los_Angeles,44.5642,-123.2790,801,473.802794,0,,12.899999999999998,0,460.90279400000003,1883.31,91.8,138.60000000000002,49,238,0,71.45700486494357,0,71.45700486494357,0,0,0,0,0.405609253896392,0,
05/16/2017,07:37:02pm,128.193.154.54,US,United States,OR,Oregon,Corvallis,97331,America/Los_Angeles,44.5642,-123.2790,801,473.802794,0,,12.899999999999998,0,460.90279400000003,1883.31,91.8,138.60000000000002,49,238,0,71.45700486494357,0,71.45700486494357,0,0,0,0,0.405609253896392,0,
05/16/2017,07:37:21pm,128.193.154.54,US,United States,OR,Oregon,Corvallis,97331,America/Los_Angeles,44.5642,-123.2790,801,473.802794,0,,12.899999999999998,0,460.90279400000003,1883.31,91.8,138.60000000000002,49,238,0,71.45700486494357,0,71.45700486494357,0,0,0,0,0.405609253896392,0,
05/16/2017,07:37:34pm,128.193.154.54,US,United States,OR,Oregon,Corvallis,97331,America/Los_Angeles,44.5642,-123.2790,801,473.802794,0,,12.899999999999998,0,460.90279400000003,1883.31,91.8,138.60000000000002,49,238,0,2345573.803639743,0,71.45700486494357,2345502.346634878,0,0,0,0.405609253896392,0,
05/16/2017,07:38:46pm,128.193.154.54,US,United States,OR,Oregon,Corvallis,97331,America/Los_Angeles,44.5642,-123.2790,801,473.802794,0,,12.899999999999998,0,460.90279400000003,1883.31,91.8,138.60000000000002,49,238,0,2345573.803639743,0,71.45700486494357,2345502.346634878,40.26335000000001,40.26335000000001,0,0.405609253896392,0,
05/16/2017,07:38:57pm,128.193.154.54,US,United States,OR,Oregon,Corvallis,97331,America/Los_Angeles,44.5642,-123.2790,801,473.802794,0,,12.899999999999998,0,460.90279400000003,1883.31,91.8,138.60000000000002,49,238,0,2345573.803639743,0,71.45700486494357,2345502.346634878,45.72335000000001,40.26335000000001,5.46,0.405609253896392,0,
05/16/2017,07:39:44pm,128.193.154.54,US,United States,OR,Oregon,Corvallis,97331,America/Los_Angeles,44.5642,-123.2790,801,473.802794,0,,12.899999999999998,0,460.90279400000003,1883.31,91.8,138.60000000000002,49,238,0,2345573.803639743,0,71.45700486494357,2345502.346634878,45.72335000000001,40.26335000000001,5.46,0.38292779150142825,0,
05/16/2017,07:40:19pm,128.193.154.54,US,United States,OR,Oregon,Corvallis,97331,America/Los_Angeles,44.5642,-123.2790,801,473.802794,0,,12.899999999999998,0,460.90279400000003,1883.31,91.8,138.60000000000002,49,238,0,2345573.803639743,0,71.45700486494357,2345502.346634878,45.72335000000001,40.26335000000001,5.46,0.38292779150142825,0,
05/16/2017,07:41:12pm,128.193.154.54,US,United States,OR,Oregon,Corvallis,97331,America/Los_Angeles,44.5642,-123.2790,801,473.802794,0,,12.899999999999998,0,460.90279400000003,1883.31,91.8,138.60000000000002,49,238,0,2345573.803639743,0,71.45700486494357,2345502.346634878,45.72335000000001,40.26335000000001,5.46,0.38292779150142825,0,
05/16/2017,07:41:30pm,128.193.154.54,US,United States,OR,Oregon,Corvallis,97331,America/Los_Angeles,44.5642,-123.2790,801,473.802794,0,,12.899999999999998,0,460.90279400000003,1883.31,91.8,138.60000000000002,49,238,0,234621.69166835272,0,71.45700486494357,234550.2346634878,45.72335000000001,40.26335000000001,5.46,0.38292779150142825,0,
05/16/2017,07:41:33pm,128.193.154.54,US,United States,OR,Oregon,Corvallis,97331,America/Los_Angeles,44.5642,-123.2790,801,473.802794,0,,12.899999999999998,0,460.90279400000003,1883.31,91.8,138.60000000000002,49,238,0,234621.69166835272,0,71.45700486494357,234550.2346634878,45.72335000000001,40.26335000000001,5.46,0.38292779150142825,0,
05/16/2017,07:41:35pm,128.193.154.54,US,United States,OR,Oregon,Corvallis,97331,America/Los_Angeles,44.5642,-123.2790,801,473.802794,0,,12.899999999999998,0,460.90279400000003,1883.31,91.8,138.60000000000002,49,238,0,234621.69166835272,0,71.45700486494357,234550.2346634878,45.72335000000001,40.26335000000001,5.46,0.38292779150142825,0,
05/16/2017,07:41:39pm,128.193.154.54,US,United States,OR,Oregon,Corvallis,97331,America/Los_Angeles,44.5642,-123.2790,801,473.802794,0,,12.899999999999998,0,460.90279400000003,1883.31,91.8,138.60000000000002,49,238,0,234621.69166835272,0,71.45700486494357,234550.2346634878,45.72335000000001,40.26335000000001,5.46,0.38292779150142825,0,
05/16/2017,07:41:58pm,128.193.154.54,US,United States,OR,Oregon,Corvallis,97331,America/Los_Angeles,44.5642,-123.2790,801,473.802794,0,,12.899999999999998,0,460.90279400000003,1883.31,91.8,138.60000000000002,49,238,0,234621.69166835272,0,71.45700486494357,234550.2346634878,45.72335000000001,40.26335000000001,5.46,0.38292779150142825,0,
05/16/2017,07:42:04pm,128.193.154.54,US,United States,OR,Oregon,Corvallis,97331,America/Los_Angeles,44.5642,-123.2790,801,473.802794,0,,12.899999999999998,0,460.90279400000003,1883.31,91.8,138.60000000000002,49,238,0,234621.69166835272,0,71.45700486494357,234550.2346634878,45.72335000000001,40.26335000000001,5.46,0.38292779150142825,0,
05/16/2017,07:42:07pm,128.193.154.54,US,United States,OR,Oregon,Corvallis,97331,America/Los_Angeles,44.5642,-123.2790,801,473.802794,0,,12.899999999999998,0,460.90279400000003,1883.31,91.8,138.60000000000002,49,238,0,234621.69166835272,0,71.45700486494357,234550.2346634878,45.72335000000001,40.26335000000001,5.46,0.38292779150142825,0,
05/16/2017,07:42:08pm,128.193.154.54,US,United States,OR,Oregon,Corvallis,97331,America/Los_Angeles,44.5642,-123.2790,801,473.802794,0,,12.899999999999998,0,460.90279400000003,1883.31,91.8,138.60000000000002,49,238,0,234621.69166835272,0,71.45700486494357,234550.2346634878,45.72335000000001,40.26335000000001,5.46,0.38292779150142825,0,
05/16/2017,07:42:09pm,128.193.154.54,US,United States,OR,Oregon,Corvallis,97331,America/Los_Angeles,44.5642,-123.2790,801,473.802794,0,,12.899999999999998,0,460.90279400000003,1883.31,91.8,138.60000000000002,49,238,0,234621.69166835272,0,71.45700486494357,234550.2346634878,45.72335000000001,40.26335000000001,5.46,0.38292779150142825,0,
05/16/2017,07:45:47pm,128.193.154.54,US,United States,OR,Oregon,Corvallis,97331,America/Los_Angeles,44.5642,-123.2790,801,473.802794,0,,12.899999999999998,0,460.90279400000003,1883.31,91.8,138.60000000000002,49,238,0,234621.69166835272,0,71.45700486494357,234550.2346634878,45.72335000000001,40.26335000000001,5.46,0.38292779150142825,0,
05/16/2017,07:45:54pm,128.193.154.54,US,United States,OR,Oregon,Corvallis,97331,America/Los_Angeles,44.5642,-123.2790,801,473.802794,0,,12.899999999999998,0,460.90279400000003,1596.31,91.8,138.60000000000002,0,0,0,234621.69166835272,0,71.45700486494357,234550.2346634878,45.72335000000001,40.26335000000001,5.46,0.38292779150142825,0,
05/16/2017,07:45:58pm,128.193.154.54,US,United States,OR,Oregon,Corvallis,97331,America/Los_Angeles,44.5642,-123.2790,801,473.802794,0,,12.899999999999998,0,460.90279400000003,1596.31,91.8,138.60000000000002,0,0,0,234621.69166835272,0,71.45700486494357,234550.2346634878,45.72335000000001,40.26335000000001,5.46,0.38292779150142825,0,
05/16/2017,07:46:00pm,128.193.154.54,US,United States,OR,Oregon,Corvallis,97331,America/Los_Angeles,44.5642,-123.2790,801,473.802794,0,,12.899999999999998,0,460.90279400000003,1596.31,91.8,138.60000000000002,0,0,0,234621.69166835272,0,71.45700486494357,234550.2346634878,45.72335000000001,40.26335000000001,5.46,0.38292779150142825,0,
05/16/2017,07:48:25pm,128.193.154.54,US,United States,OR,Oregon,Corvallis,97331,America/Los_Angeles,44.5642,-123.2790,801,473.802794,0,,12.899999999999998,0,460.90279400000003,1596.31,91.8,138.60000000000002,0,0,0,234621.69166835272,0,71.45700486494357,234550.2346634878,45.72335000000001,40.26335000000001,5.46,0.38292779150142825,0,
05/16/2017,09:22:54pm,128.193.154.221,US,United States,OR,Oregon,Corvallis,97331,America/Los_Angeles,44.5642,-123.2790,801,0,0,,0,0,0,0,0,0,0,0,0,71.45700486494357,0,71.45700486494357,0,0,0,0,0.405609253896392,0,
05/16/2017,09:23:34pm,128.193.154.221,US,United States,OR,Oregon,Corvallis,97331,America/Los_Angeles,44.5642,-123.2790,801,4.9799999999999995,0,,4.3,0,0,0,0,0,0,0,0,71.45700486494357,0,71.45700486494357,0,0,0,0,0.405609253896392,0,
05/16/2017,09:26:27pm,128.193.154.221,US,United States,OR,Oregon,Corvallis,97331,America/Los_Angeles,44.5642,-123.2790,801,4.9799999999999995,0,,4.3,0,0,689.8103333333333,22.38,13.86,16.333333333333332,400,0,71.45700486494357,0,71.45700486494357,0,0,0,0,0.405609253896392,0,
05/16/2017,09:26:37pm,128.193.154.221,US,United States,OR,Oregon,Corvallis,97331,America/Los_Angeles,44.5642,-123.2790,801,4.9799999999999995,0,,4.3,0,0,689.8103333333333,22.38,13.86,16.333333333333332,400,0,71.45700486494357,0,71.45700486494357,0,0,0,0,0.405609253896392,0,
05/16/2017,09:28:22pm,128.193.154.221,US,United States,OR,Oregon,Corvallis,97331,America/Los_Angeles,44.5642,-123.2790,801,4.9799999999999995,0,,4.3,0,0,689.8103333333333,22.38,13.86,16.333333333333332,400,0,71.45700486494357,0,71.45700486494357,0,0,0,0,0.405609253896392,0,
05/16/2017,09:29:40pm,128.193.154.221,US,United States,OR,Oregon,Corvallis,97331,America/Los_Angeles,44.5642,-123.2790,801,4.9799999999999995,0,,4.3,0,0,689.8103333333333,22.38,13.86,16.333333333333332,400,0,71.45700486494357,0,71.45700486494357,0,27.1265,27.1265,0,0.405609253896392,0,
05/16/2017,09:30:13pm,128.193.154.221,US,United States,OR,Oregon,Corvallis,97331,America/Los_Angeles,44.5642,-123.2790,801,4.9799999999999995,0,,4.3,0,0,689.8103333333333,22.38,13.86,16.333333333333332,400,0,71.45700486494357,0,71.45700486494357,0,48.966499999999996,27.1265,21.84,0.405609253896392,0,
05/16/2017,09:30:45pm,128.193.154.221,US,United States,OR,Oregon,Corvallis,97331,America/Los_Angeles,44.5642,-123.2790,801,4.9799999999999995,0,,4.3,0,0,689.8103333333333,22.38,13.86,16.333333333333332,400,0,71.45700486494357,0,71.45700486494357,0,48.966499999999996,27.1265,21.84,0.405609253896392,0,
05/16/2017,09:32:26pm,128.193.154.221,US,United States,OR,Oregon,Corvallis,97331,America/Los_Angeles,44.5642,-123.2790,801,4.9799999999999995,0,,4.3,0,0,689.8103333333333,22.38,13.86,16.333333333333332,400,0,71.45700486494357,0,71.45700486494357,0,48.966499999999996,27.1265,21.84,0.405609253896392,0,
05/16/2017,09:33:57pm,128.193.154.221,US,United States,OR,Oregon,Corvallis,97331,America/Los_Angeles,44.5642,-123.2790,801,4.9799999999999995,0,,4.3,0,0,689.8103333333333,22.38,13.86,16.333333333333332,400,0,71.45700486494357,0,71.45700486494357,0,48.966499999999996,27.1265,21.84,0.405609253896392,0,
05/16/2017,09:33:59pm,128.193.154.221,US,United States,OR,Oregon,Corvallis,97331,America/Los_Angeles,44.5642,-123.2790,801,4.9799999999999995,0,,4.3,0,0,689.8103333333333,22.38,13.86,16.333333333333332,400,0,71.45700486494357,0,71.45700486494357,0,48.966499999999996,27.1265,21.84,0.405609253896392,0,
05/16/2017,09:37:06pm,128.193.154.221,US,United States,OR,Oregon,Corvallis,97331,America/Los_Angeles,44.5642,-123.2790,801,0,0,,0,0,0,0,0,0,0,0,0,71.45700486494357,0,71.45700486494357,0,0,0,0,0.405609253896392,0,